DateKey,Date,Day,WeekNumber,MonthNumber,MonthName,Quarter,Year,YearMonth,DayOfWeek,IsWeekend,IsHoliday,FiscalYear,Season
20220101,2022-01-01,1,52,1,Enero,Q1,2022,2022-01,Sabado,Si,Si,FY2022,Invierno
20220102,2022-01-02,2,52,1,Enero,Q1,2022,2022-01,Domingo,Si,No,FY2022,Invierno
20220103,2022-01-03,3,1,1,Enero,Q1,2022,2022-01,Lunes,No,No,FY2022,Invierno
20220104,2022-01-04,4,1,1,Enero,Q1,2022,2022-01,Martes,No,No,FY2022,Invierno
20220105,2022-01-05,5,1,1,Enero,Q1,2022,2022-01,Miercoles,No,No,FY2022,Invierno
20220106,2022-01-06,6,1,1,Enero,Q1,2022,2022-01,Jueves,No,No,FY2022,Invierno
20220107,2022-01-07,7,1,1,Enero,Q1,2022,2022-01,Viernes,No,No,FY2022,Invierno
20220108,2022-01-08,8,1,1,Enero,Q1,2022,2022-01,Sabado,Si,No,FY2022,Invierno
20220109,2022-01-09,9,1,1,Enero,Q1,2022,2022-01,Domingo,Si,No,FY2022,Invierno
20220110,2022-01-10,10,2,1,Enero,Q1,2022,2022-01,Lunes,No,No,FY2022,Invierno
20220111,2022-01-11,11,2,1,Enero,Q1,2022,2022-01,Martes,No,No,FY2022,Invierno
20220112,2022-01-12,12,2,1,Enero,Q1,2022,2022-01,Miercoles,No,No,FY2022,Invierno
20220113,2022-01-13,13,2,1,Enero,Q1,2022,2022-01,Jueves,No,No,FY2022,Invierno
20220114,2022-01-14,14,2,1,Enero,Q1,2022,2022-01,Viernes,No,No,FY2022,Invierno
20220115,2022-01-15,15,2,1,Enero,Q1,2022,2022-01,Sabado,Si,No,FY2022,Invierno
20220116,2022-01-16,16,2,1,Enero,Q1,2022,2022-01,Domingo,Si,No,FY2022,Invierno
20220117,2022-01-17,17,3,1,Enero,Q1,2022,2022-01,Lunes,No,No,FY2022,Invierno
20220118,2022-01-18,18,3,1,Enero,Q1,2022,2022-01,Martes,No,No,FY2022,Invierno
20220119,2022-01-19,19,3,1,Enero,Q1,2022,2022-01,Miercoles,No,No,FY2022,Invierno
20220120,2022-01-20,20,3,1,Enero,Q1,2022,2022-01,Jueves,No,No,FY2022,Invierno
20220121,2022-01-21,21,3,1,Enero,Q1,2022,2022-01,Viernes,No,No,FY2022,Invierno
20220122,2022-01-22,22,3,1,Enero,Q1,2022,2022-01,Sabado,Si,No,FY2022,Invierno
20220123,2022-01-23,23,3,1,Enero,Q1,2022,2022-01,Domingo,Si,No,FY2022,Invierno
20220124,2022-01-24,24,4,1,Enero,Q1,2022,2022-01,Lunes,No,No,FY2022,Invierno
20220125,2022-01-25,25,4,1,Enero,Q1,2022,2022-01,Martes,No,No,FY2022,Invierno
20220126,2022-01-26,26,4,1,Enero,Q1,2022,2022-01,Miercoles,No,No,FY2022,Invierno
20220127,2022-01-27,27,4,1,Enero,Q1,2022,2022-01,Jueves,No,No,FY2022,Invierno
20220128,2022-01-28,28,4,1,Enero,Q1,2022,2022-01,Viernes,No,No,FY2022,Invierno
20220129,2022-01-29,29,4,1,Enero,Q1,2022,2022-01,Sabado,Si,No,FY2022,Invierno
20220130,2022-01-30,30,4,1,Enero,Q1,2022,2022-01,Domingo,Si,No,FY2022,Invierno
20220131,2022-01-31,31,5,1,Enero,Q1,2022,2022-01,Lunes,No,No,FY2022,Invierno
20220201,2022-02-01,1,5,2,Febrero,Q1,2022,2022-02,Martes,No,No,FY2022,Invierno
20220202,2022-02-02,2,5,2,Febrero,Q1,2022,2022-02,Miercoles,No,No,FY2022,Invierno
20220203,2022-02-03,3,5,2,Febrero,Q1,2022,2022-02,Jueves,No,No,FY2022,Invierno
20220204,2022-02-04,4,5,2,Febrero,Q1,2022,2022-02,Viernes,No,No,FY2022,Invierno
20220205,2022-02-05,5,5,2,Febrero,Q1,2022,2022-02,Sabado,Si,No,FY2022,Invierno
20220206,2022-02-06,6,5,2,Febrero,Q1,2022,2022-02,Domingo,Si,No,FY2022,Invierno
20220207,2022-02-07,7,6,2,Febrero,Q1,2022,2022-02,Lunes,No,No,FY2022,Invierno
20220208,2022-02-08,8,6,2,Febrero,Q1,2022,2022-02,Martes,No,No,FY2022,Invierno
20220209,2022-02-09,9,6,2,Febrero,Q1,2022,2022-02,Miercoles,No,No,FY2022,Invierno
20220210,2022-02-10,10,6,2,Febrero,Q1,2022,2022-02,Jueves,No,No,FY2022,Invierno
20220211,2022-02-11,11,6,2,Febrero,Q1,2022,2022-02,Viernes,No,No,FY2022,Invierno
20220212,2022-02-12,12,6,2,Febrero,Q1,2022,2022-02,Sabado,Si,No,FY2022,Invierno
20220213,2022-02-13,13,6,2,Febrero,Q1,2022,2022-02,Domingo,Si,No,FY2022,Invierno
20220214,2022-02-14,14,7,2,Febrero,Q1,2022,2022-02,Lunes,No,No,FY2022,Invierno
20220215,2022-02-15,15,7,2,Febrero,Q1,2022,2022-02,Martes,No,No,FY2022,Invierno
20220216,2022-02-16,16,7,2,Febrero,Q1,2022,2022-02,Miercoles,No,No,FY2022,Invierno
20220217,2022-02-17,17,7,2,Febrero,Q1,2022,2022-02,Jueves,No,No,FY2022,Invierno
20220218,2022-02-18,18,7,2,Febrero,Q1,2022,2022-02,Viernes,No,No,FY2022,Invierno
20220219,2022-02-19,19,7,2,Febrero,Q1,2022,2022-02,Sabado,Si,No,FY2022,Invierno
20220220,2022-02-20,20,7,2,Febrero,Q1,2022,2022-02,Domingo,Si,No,FY2022,Invierno
20220221,2022-02-21,21,8,2,Febrero,Q1,2022,2022-02,Lunes,No,No,FY2022,Invierno
20220222,2022-02-22,22,8,2,Febrero,Q1,2022,2022-02,Martes,No,No,FY2022,Invierno
20220223,2022-02-23,23,8,2,Febrero,Q1,2022,2022-02,Miercoles,No,No,FY2022,Invierno
20220224,2022-02-24,24,8,2,Febrero,Q1,2022,2022-02,Jueves,No,No,FY2022,Invierno
20220225,2022-02-25,25,8,2,Febrero,Q1,2022,2022-02,Viernes,No,No,FY2022,Invierno
20220226,2022-02-26,26,8,2,Febrero,Q1,2022,2022-02,Sabado,Si,No,FY2022,Invierno
20220227,2022-02-27,27,8,2,Febrero,Q1,2022,2022-02,Domingo,Si,No,FY2022,Invierno
20220228,2022-02-28,28,9,2,Febrero,Q1,2022,2022-02,Lunes,No,No,FY2022,Invierno
20220301,2022-03-01,1,9,3,Marzo,Q1,2022,2022-03,Martes,No,No,FY2022,Primavera
20220302,2022-03-02,2,9,3,Marzo,Q1,2022,2022-03,Miercoles,No,No,FY2022,Primavera
20220303,2022-03-03,3,9,3,Marzo,Q1,2022,2022-03,Jueves,No,No,FY2022,Primavera
20220304,2022-03-04,4,9,3,Marzo,Q1,2022,2022-03,Viernes,No,No,FY2022,Primavera
20220305,2022-03-05,5,9,3,Marzo,Q1,2022,2022-03,Sabado,Si,No,FY2022,Primavera
20220306,2022-03-06,6,9,3,Marzo,Q1,2022,2022-03,Domingo,Si,No,FY2022,Primavera
20220307,2022-03-07,7,10,3,Marzo,Q1,2022,2022-03,Lunes,No,No,FY2022,Primavera
20220308,2022-03-08,8,10,3,Marzo,Q1,2022,2022-03,Martes,No,No,FY2022,Primavera
20220309,2022-03-09,9,10,3,Marzo,Q1,2022,2022-03,Miercoles,No,No,FY2022,Primavera
20220310,2022-03-10,10,10,3,Marzo,Q1,2022,2022-03,Jueves,No,No,FY2022,Primavera
20220311,2022-03-11,11,10,3,Marzo,Q1,2022,2022-03,Viernes,No,No,FY2022,Primavera
20220312,2022-03-12,12,10,3,Marzo,Q1,2022,2022-03,Sabado,Si,No,FY2022,Primavera
20220313,2022-03-13,13,10,3,Marzo,Q1,2022,2022-03,Domingo,Si,No,FY2022,Primavera
20220314,2022-03-14,14,11,3,Marzo,Q1,2022,2022-03,Lunes,No,No,FY2022,Primavera
20220315,2022-03-15,15,11,3,Marzo,Q1,2022,2022-03,Martes,No,No,FY2022,Primavera
20220316,2022-03-16,16,11,3,Marzo,Q1,2022,2022-03,Miercoles,No,No,FY2022,Primavera
20220317,2022-03-17,17,11,3,Marzo,Q1,2022,2022-03,Jueves,No,No,FY2022,Primavera
20220318,2022-03-18,18,11,3,Marzo,Q1,2022,2022-03,Viernes,No,No,FY2022,Primavera
20220319,2022-03-19,19,11,3,Marzo,Q1,2022,2022-03,Sabado,Si,No,FY2022,Primavera
20220320,2022-03-20,20,11,3,Marzo,Q1,2022,2022-03,Domingo,Si,No,FY2022,Primavera
20220321,2022-03-21,21,12,3,Marzo,Q1,2022,2022-03,Lunes,No,Si,FY2022,Primavera
20220322,2022-03-22,22,12,3,Marzo,Q1,2022,2022-03,Martes,No,No,FY2022,Primavera
20220323,2022-03-23,23,12,3,Marzo,Q1,2022,2022-03,Miercoles,No,No,FY2022,Primavera
20220324,2022-03-24,24,12,3,Marzo,Q1,2022,2022-03,Jueves,No,No,FY2022,Primavera
20220325,2022-03-25,25,12,3,Marzo,Q1,2022,2022-03,Viernes,No,No,FY2022,Primavera
20220326,2022-03-26,26,12,3,Marzo,Q1,2022,2022-03,Sabado,Si,No,FY2022,Primavera
20220327,2022-03-27,27,12,3,Marzo,Q1,2022,2022-03,Domingo,Si,No,FY2022,Primavera
20220328,2022-03-28,28,13,3,Marzo,Q1,2022,2022-03,Lunes,No,No,FY2022,Primavera
20220329,2022-03-29,29,13,3,Marzo,Q1,2022,2022-03,Martes,No,No,FY2022,Primavera
20220330,2022-03-30,30,13,3,Marzo,Q1,2022,2022-03,Miercoles,No,No,FY2022,Primavera
20220331,2022-03-31,31,13,3,Marzo,Q1,2022,2022-03,Jueves,No,No,FY2022,Primavera
20220401,2022-04-01,1,13,4,Abril,Q2,2022,2022-04,Viernes,No,No,FY2022,Primavera
20220402,2022-04-02,2,13,4,Abril,Q2,2022,2022-04,Sabado,Si,No,FY2022,Primavera
20220403,2022-04-03,3,13,4,Abril,Q2,2022,2022-04,Domingo,Si,No,FY2022,Primavera
20220404,2022-04-04,4,14,4,Abril,Q2,2022,2022-04,Lunes,No,No,FY2022,Primavera
20220405,2022-04-05,5,14,4,Abril,Q2,2022,2022-04,Martes,No,No,FY2022,Primavera
20220406,2022-04-06,6,14,4,Abril,Q2,2022,2022-04,Miercoles,No,No,FY2022,Primavera
20220407,2022-04-07,7,14,4,Abril,Q2,2022,2022-04,Jueves,No,No,FY2022,Primavera
20220408,2022-04-08,8,14,4,Abril,Q2,2022,2022-04,Viernes,No,No,FY2022,Primavera
20220409,2022-04-09,9,14,4,Abril,Q2,2022,2022-04,Sabado,Si,No,FY2022,Primavera
20220410,2022-04-10,10,14,4,Abril,Q2,2022,2022-04,Domingo,Si,No,FY2022,Primavera
20220411,2022-04-11,11,15,4,Abril,Q2,2022,2022-04,Lunes,No,No,FY2022,Primavera
20220412,2022-04-12,12,15,4,Abril,Q2,2022,2022-04,Martes,No,No,FY2022,Primavera
20220413,2022-04-13,13,15,4,Abril,Q2,2022,2022-04,Miercoles,No,No,FY2022,Primavera
20220414,2022-04-14,14,15,4,Abril,Q2,2022,2022-04,Jueves,No,No,FY2022,Primavera
20220415,2022-04-15,15,15,4,Abril,Q2,2022,2022-04,Viernes,No,No,FY2022,Primavera
20220416,2022-04-16,16,15,4,Abril,Q2,2022,2022-04,Sabado,Si,No,FY2022,Primavera
20220417,2022-04-17,17,15,4,Abril,Q2,2022,2022-04,Domingo,Si,No,FY2022,Primavera
20220418,2022-04-18,18,16,4,Abril,Q2,2022,2022-04,Lunes,No,No,FY2022,Primavera
20220419,2022-04-19,19,16,4,Abril,Q2,2022,2022-04,Martes,No,No,FY2022,Primavera
20220420,2022-04-20,20,16,4,Abril,Q2,2022,2022-04,Miercoles,No,No,FY2022,Primavera
20220421,2022-04-21,21,16,4,Abril,Q2,2022,2022-04,Jueves,No,No,FY2022,Primavera
20220422,2022-04-22,22,16,4,Abril,Q2,2022,2022-04,Viernes,No,No,FY2022,Primavera
20220423,2022-04-23,23,16,4,Abril,Q2,2022,2022-04,Sabado,Si,No,FY2022,Primavera
20220424,2022-04-24,24,16,4,Abril,Q2,2022,2022-04,Domingo,Si,No,FY2022,Primavera
20220425,2022-04-25,25,17,4,Abril,Q2,2022,2022-04,Lunes,No,No,FY2022,Primavera
20220426,2022-04-26,26,17,4,Abril,Q2,2022,2022-04,Martes,No,No,FY2022,Primavera
20220427,2022-04-27,27,17,4,Abril,Q2,2022,2022-04,Miercoles,No,No,FY2022,Primavera
20220428,2022-04-28,28,17,4,Abril,Q2,2022,2022-04,Jueves,No,No,FY2022,Primavera
20220429,2022-04-29,29,17,4,Abril,Q2,2022,2022-04,Viernes,No,No,FY2022,Primavera
20220430,2022-04-30,30,17,4,Abril,Q2,2022,2022-04,Sabado,Si,No,FY2022,Primavera
20220501,2022-05-01,1,17,5,Mayo,Q2,2022,2022-05,Domingo,Si,Si,FY2022,Primavera
20220502,2022-05-02,2,18,5,Mayo,Q2,2022,2022-05,Lunes,No,No,FY2022,Primavera
20220503,2022-05-03,3,18,5,Mayo,Q2,2022,2022-05,Martes,No,No,FY2022,Primavera
20220504,2022-05-04,4,18,5,Mayo,Q2,2022,2022-05,Miercoles,No,No,FY2022,Primavera
20220505,2022-05-05,5,18,5,Mayo,Q2,2022,2022-05,Jueves,No,No,FY2022,Primavera
20220506,2022-05-06,6,18,5,Mayo,Q2,2022,2022-05,Viernes,No,No,FY2022,Primavera
20220507,2022-05-07,7,18,5,Mayo,Q2,2022,2022-05,Sabado,Si,No,FY2022,Primavera
20220508,2022-05-08,8,18,5,Mayo,Q2,2022,2022-05,Domingo,Si,No,FY2022,Primavera
20220509,2022-05-09,9,19,5,Mayo,Q2,2022,2022-05,Lunes,No,No,FY2022,Primavera
20220510,2022-05-10,10,19,5,Mayo,Q2,2022,2022-05,Martes,No,No,FY2022,Primavera
20220511,2022-05-11,11,19,5,Mayo,Q2,2022,2022-05,Miercoles,No,No,FY2022,Primavera
20220512,2022-05-12,12,19,5,Mayo,Q2,2022,2022-05,Jueves,No,No,FY2022,Primavera
20220513,2022-05-13,13,19,5,Mayo,Q2,2022,2022-05,Viernes,No,No,FY2022,Primavera
20220514,2022-05-14,14,19,5,Mayo,Q2,2022,2022-05,Sabado,Si,No,FY2022,Primavera
20220515,2022-05-15,15,19,5,Mayo,Q2,2022,2022-05,Domingo,Si,No,FY2022,Primavera
20220516,2022-05-16,16,20,5,Mayo,Q2,2022,2022-05,Lunes,No,No,FY2022,Primavera
20220517,2022-05-17,17,20,5,Mayo,Q2,2022,2022-05,Martes,No,No,FY2022,Primavera
20220518,2022-05-18,18,20,5,Mayo,Q2,2022,2022-05,Miercoles,No,No,FY2022,Primavera
20220519,2022-05-19,19,20,5,Mayo,Q2,2022,2022-05,Jueves,No,No,FY2022,Primavera
20220520,2022-05-20,20,20,5,Mayo,Q2,2022,2022-05,Viernes,No,No,FY2022,Primavera
20220521,2022-05-21,21,20,5,Mayo,Q2,2022,2022-05,Sabado,Si,No,FY2022,Primavera
20220522,2022-05-22,22,20,5,Mayo,Q2,2022,2022-05,Domingo,Si,No,FY2022,Primavera
20220523,2022-05-23,23,21,5,Mayo,Q2,2022,2022-05,Lunes,No,No,FY2022,Primavera
20220524,2022-05-24,24,21,5,Mayo,Q2,2022,2022-05,Martes,No,No,FY2022,Primavera
20220525,2022-05-25,25,21,5,Mayo,Q2,2022,2022-05,Miercoles,No,No,FY2022,Primavera
20220526,2022-05-26,26,21,5,Mayo,Q2,2022,2022-05,Jueves,No,No,FY2022,Primavera
20220527,2022-05-27,27,21,5,Mayo,Q2,2022,2022-05,Viernes,No,No,FY2022,Primavera
20220528,2022-05-28,28,21,5,Mayo,Q2,2022,2022-05,Sabado,Si,No,FY2022,Primavera
20220529,2022-05-29,29,21,5,Mayo,Q2,2022,2022-05,Domingo,Si,No,FY2022,Primavera
20220530,2022-05-30,30,22,5,Mayo,Q2,2022,2022-05,Lunes,No,No,FY2022,Primavera
20220531,2022-05-31,31,22,5,Mayo,Q2,2022,2022-05,Martes,No,No,FY2022,Primavera
20220601,2022-06-01,1,22,6,Junio,Q2,2022,2022-06,Miercoles,No,No,FY2022,Verano
20220602,2022-06-02,2,22,6,Junio,Q2,2022,2022-06,Jueves,No,No,FY2022,Verano
20220603,2022-06-03,3,22,6,Junio,Q2,2022,2022-06,Viernes,No,No,FY2022,Verano
20220604,2022-06-04,4,22,6,Junio,Q2,2022,2022-06,Sabado,Si,No,FY2022,Verano
20220605,2022-06-05,5,22,6,Junio,Q2,2022,2022-06,Domingo,Si,No,FY2022,Verano
20220606,2022-06-06,6,23,6,Junio,Q2,2022,2022-06,Lunes,No,No,FY2022,Verano
20220607,2022-06-07,7,23,6,Junio,Q2,2022,2022-06,Martes,No,No,FY2022,Verano
20220608,2022-06-08,8,23,6,Junio,Q2,2022,2022-06,Miercoles,No,No,FY2022,Verano
20220609,2022-06-09,9,23,6,Junio,Q2,2022,2022-06,Jueves,No,No,FY2022,Verano
20220610,2022-06-10,10,23,6,Junio,Q2,2022,2022-06,Viernes,No,No,FY2022,Verano
20220611,2022-06-11,11,23,6,Junio,Q2,2022,2022-06,Sabado,Si,No,FY2022,Verano
20220612,2022-06-12,12,23,6,Junio,Q2,2022,2022-06,Domingo,Si,No,FY2022,Verano
20220613,2022-06-13,13,24,6,Junio,Q2,2022,2022-06,Lunes,No,No,FY2022,Verano
20220614,2022-06-14,14,24,6,Junio,Q2,2022,2022-06,Martes,No,No,FY2022,Verano
20220615,2022-06-15,15,24,6,Junio,Q2,2022,2022-06,Miercoles,No,No,FY2022,Verano
20220616,2022-06-16,16,24,6,Junio,Q2,2022,2022-06,Jueves,No,No,FY2022,Verano
20220617,2022-06-17,17,24,6,Junio,Q2,2022,2022-06,Viernes,No,No,FY2022,Verano
20220618,2022-06-18,18,24,6,Junio,Q2,2022,2022-06,Sabado,Si,No,FY2022,Verano
20220619,2022-06-19,19,24,6,Junio,Q2,2022,2022-06,Domingo,Si,No,FY2022,Verano
20220620,2022-06-20,20,25,6,Junio,Q2,2022,2022-06,Lunes,No,No,FY2022,Verano
20220621,2022-06-21,21,25,6,Junio,Q2,2022,2022-06,Martes,No,No,FY2022,Verano
20220622,2022-06-22,22,25,6,Junio,Q2,2022,2022-06,Miercoles,No,No,FY2022,Verano
20220623,2022-06-23,23,25,6,Junio,Q2,2022,2022-06,Jueves,No,No,FY2022,Verano
20220624,2022-06-24,24,25,6,Junio,Q2,2022,2022-06,Viernes,No,No,FY2022,Verano
20220625,2022-06-25,25,25,6,Junio,Q2,2022,2022-06,Sabado,Si,No,FY2022,Verano
20220626,2022-06-26,26,25,6,Junio,Q2,2022,2022-06,Domingo,Si,No,FY2022,Verano
20220627,2022-06-27,27,26,6,Junio,Q2,2022,2022-06,Lunes,No,No,FY2022,Verano
20220628,2022-06-28,28,26,6,Junio,Q2,2022,2022-06,Martes,No,No,FY2022,Verano
20220629,2022-06-29,29,26,6,Junio,Q2,2022,2022-06,Miercoles,No,No,FY2022,Verano
20220630,2022-06-30,30,26,6,Junio,Q2,2022,2022-06,Jueves,No,No,FY2022,Verano
20220701,2022-07-01,1,26,7,Julio,Q3,2022,2022-07,Viernes,No,No,FY2022,Verano
20220702,2022-07-02,2,26,7,Julio,Q3,2022,2022-07,Sabado,Si,No,FY2022,Verano
20220703,2022-07-03,3,26,7,Julio,Q3,2022,2022-07,Domingo,Si,No,FY2022,Verano
20220704,2022-07-04,4,27,7,Julio,Q3,2022,2022-07,Lunes,No,No,FY2022,Verano
20220705,2022-07-05,5,27,7,Julio,Q3,2022,2022-07,Martes,No,No,FY2022,Verano
20220706,2022-07-06,6,27,7,Julio,Q3,2022,2022-07,Miercoles,No,No,FY2022,Verano
20220707,2022-07-07,7,27,7,Julio,Q3,2022,2022-07,Jueves,No,No,FY2022,Verano
20220708,2022-07-08,8,27,7,Julio,Q3,2022,2022-07,Viernes,No,No,FY2022,Verano
20220709,2022-07-09,9,27,7,Julio,Q3,2022,2022-07,Sabado,Si,No,FY2022,Verano
20220710,2022-07-10,10,27,7,Julio,Q3,2022,2022-07,Domingo,Si,No,FY2022,Verano
20220711,2022-07-11,11,28,7,Julio,Q3,2022,2022-07,Lunes,No,No,FY2022,Verano
20220712,2022-07-12,12,28,7,Julio,Q3,2022,2022-07,Martes,No,No,FY2022,Verano
20220713,2022-07-13,13,28,7,Julio,Q3,2022,2022-07,Miercoles,No,No,FY2022,Verano
20220714,2022-07-14,14,28,7,Julio,Q3,2022,2022-07,Jueves,No,No,FY2022,Verano
20220715,2022-07-15,15,28,7,Julio,Q3,2022,2022-07,Viernes,No,No,FY2022,Verano
20220716,2022-07-16,16,28,7,Julio,Q3,2022,2022-07,Sabado,Si,No,FY2022,Verano
20220717,2022-07-17,17,28,7,Julio,Q3,2022,2022-07,Domingo,Si,No,FY2022,Verano
20220718,2022-07-18,18,29,7,Julio,Q3,2022,2022-07,Lunes,No,No,FY2022,Verano
20220719,2022-07-19,19,29,7,Julio,Q3,2022,2022-07,Martes,No,No,FY2022,Verano
20220720,2022-07-20,20,29,7,Julio,Q3,2022,2022-07,Miercoles,No,No,FY2022,Verano
20220721,2022-07-21,21,29,7,Julio,Q3,2022,2022-07,Jueves,No,No,FY2022,Verano
20220722,2022-07-22,22,29,7,Julio,Q3,2022,2022-07,Viernes,No,No,FY2022,Verano
20220723,2022-07-23,23,29,7,Julio,Q3,2022,2022-07,Sabado,Si,No,FY2022,Verano
20220724,2022-07-24,24,29,7,Julio,Q3,2022,2022-07,Domingo,Si,No,FY2022,Verano
20220725,2022-07-25,25,30,7,Julio,Q3,2022,2022-07,Lunes,No,No,FY2022,Verano
20220726,2022-07-26,26,30,7,Julio,Q3,2022,2022-07,Martes,No,No,FY2022,Verano
20220727,2022-07-27,27,30,7,Julio,Q3,2022,2022-07,Miercoles,No,No,FY2022,Verano
20220728,2022-07-28,28,30,7,Julio,Q3,2022,2022-07,Jueves,No,No,FY2022,Verano
20220729,2022-07-29,29,30,7,Julio,Q3,2022,2022-07,Viernes,No,No,FY2022,Verano
20220730,2022-07-30,30,30,7,Julio,Q3,2022,2022-07,Sabado,Si,No,FY2022,Verano
20220731,2022-07-31,31,30,7,Julio,Q3,2022,2022-07,Domingo,Si,No,FY2022,Verano
20220801,2022-08-01,1,31,8,Agosto,Q3,2022,2022-08,Lunes,No,No,FY2022,Verano
20220802,2022-08-02,2,31,8,Agosto,Q3,2022,2022-08,Martes,No,No,FY2022,Verano
20220803,2022-08-03,3,31,8,Agosto,Q3,2022,2022-08,Miercoles,No,No,FY2022,Verano
20220804,2022-08-04,4,31,8,Agosto,Q3,2022,2022-08,Jueves,No,No,FY2022,Verano
20220805,2022-08-05,5,31,8,Agosto,Q3,2022,2022-08,Viernes,No,No,FY2022,Verano
20220806,2022-08-06,6,31,8,Agosto,Q3,2022,2022-08,Sabado,Si,No,FY2022,Verano
20220807,2022-08-07,7,31,8,Agosto,Q3,2022,2022-08,Domingo,Si,No,FY2022,Verano
20220808,2022-08-08,8,32,8,Agosto,Q3,2022,2022-08,Lunes,No,No,FY2022,Verano
20220809,2022-08-09,9,32,8,Agosto,Q3,2022,2022-08,Martes,No,No,FY2022,Verano
20220810,2022-08-10,10,32,8,Agosto,Q3,2022,2022-08,Miercoles,No,No,FY2022,Verano
20220811,2022-08-11,11,32,8,Agosto,Q3,2022,2022-08,Jueves,No,No,FY2022,Verano
20220812,2022-08-12,12,32,8,Agosto,Q3,2022,2022-08,Viernes,No,No,FY2022,Verano
20220813,2022-08-13,13,32,8,Agosto,Q3,2022,2022-08,Sabado,Si,No,FY2022,Verano
20220814,2022-08-14,14,32,8,Agosto,Q3,2022,2022-08,Domingo,Si,No,FY2022,Verano
20220815,2022-08-15,15,33,8,Agosto,Q3,2022,2022-08,Lunes,No,No,FY2022,Verano
20220816,2022-08-16,16,33,8,Agosto,Q3,2022,2022-08,Martes,No,No,FY2022,Verano
20220817,2022-08-17,17,33,8,Agosto,Q3,2022,2022-08,Miercoles,No,No,FY2022,Verano
20220818,2022-08-18,18,33,8,Agosto,Q3,2022,2022-08,Jueves,No,No,FY2022,Verano
20220819,2022-08-19,19,33,8,Agosto,Q3,2022,2022-08,Viernes,No,No,FY2022,Verano
20220820,2022-08-20,20,33,8,Agosto,Q3,2022,2022-08,Sabado,Si,No,FY2022,Verano
20220821,2022-08-21,21,33,8,Agosto,Q3,2022,2022-08,Domingo,Si,No,FY2022,Verano
20220822,2022-08-22,22,34,8,Agosto,Q3,2022,2022-08,Lunes,No,No,FY2022,Verano
20220823,2022-08-23,23,34,8,Agosto,Q3,2022,2022-08,Martes,No,No,FY2022,Verano
20220824,2022-08-24,24,34,8,Agosto,Q3,2022,2022-08,Miercoles,No,No,FY2022,Verano
20220825,2022-08-25,25,34,8,Agosto,Q3,2022,2022-08,Jueves,No,No,FY2022,Verano
20220826,2022-08-26,26,34,8,Agosto,Q3,2022,2022-08,Viernes,No,No,FY2022,Verano
20220827,2022-08-27,27,34,8,Agosto,Q3,2022,2022-08,Sabado,Si,No,FY2022,Verano
20220828,2022-08-28,28,34,8,Agosto,Q3,2022,2022-08,Domingo,Si,No,FY2022,Verano
20220829,2022-08-29,29,35,8,Agosto,Q3,2022,2022-08,Lunes,No,No,FY2022,Verano
20220830,2022-08-30,30,35,8,Agosto,Q3,2022,2022-08,Martes,No,No,FY2022,Verano
20220831,2022-08-31,31,35,8,Agosto,Q3,2022,2022-08,Miercoles,No,No,FY2022,Verano
20220901,2022-09-01,1,35,9,Septiembre,Q3,2022,2022-09,Jueves,No,No,FY2022,Otono
20220902,2022-09-02,2,35,9,Septiembre,Q3,2022,2022-09,Viernes,No,No,FY2022,Otono
20220903,2022-09-03,3,35,9,Septiembre,Q3,2022,2022-09,Sabado,Si,No,FY2022,Otono
20220904,2022-09-04,4,35,9,Septiembre,Q3,2022,2022-09,Domingo,Si,No,FY2022,Otono
20220905,2022-09-05,5,36,9,Septiembre,Q3,2022,2022-09,Lunes,No,No,FY2022,Otono
20220906,2022-09-06,6,36,9,Septiembre,Q3,2022,2022-09,Martes,No,No,FY2022,Otono
20220907,2022-09-07,7,36,9,Septiembre,Q3,2022,2022-09,Miercoles,No,No,FY2022,Otono
20220908,2022-09-08,8,36,9,Septiembre,Q3,2022,2022-09,Jueves,No,No,FY2022,Otono
20220909,2022-09-09,9,36,9,Septiembre,Q3,2022,2022-09,Viernes,No,No,FY2022,Otono
20220910,2022-09-10,10,36,9,Septiembre,Q3,2022,2022-09,Sabado,Si,No,FY2022,Otono
20220911,2022-09-11,11,36,9,Septiembre,Q3,2022,2022-09,Domingo,Si,No,FY2022,Otono
20220912,2022-09-12,12,37,9,Septiembre,Q3,2022,2022-09,Lunes,No,No,FY2022,Otono
20220913,2022-09-13,13,37,9,Septiembre,Q3,2022,2022-09,Martes,No,No,FY2022,Otono
20220914,2022-09-14,14,37,9,Septiembre,Q3,2022,2022-09,Miercoles,No,No,FY2022,Otono
20220915,2022-09-15,15,37,9,Septiembre,Q3,2022,2022-09,Jueves,No,No,FY2022,Otono
20220916,2022-09-16,16,37,9,Septiembre,Q3,2022,2022-09,Viernes,No,Si,FY2022,Otono
20220917,2022-09-17,17,37,9,Septiembre,Q3,2022,2022-09,Sabado,Si,No,FY2022,Otono
20220918,2022-09-18,18,37,9,Septiembre,Q3,2022,2022-09,Domingo,Si,No,FY2022,Otono
20220919,2022-09-19,19,38,9,Septiembre,Q3,2022,2022-09,Lunes,No,No,FY2022,Otono
20220920,2022-09-20,20,38,9,Septiembre,Q3,2022,2022-09,Martes,No,No,FY2022,Otono
20220921,2022-09-21,21,38,9,Septiembre,Q3,2022,2022-09,Miercoles,No,No,FY2022,Otono
20220922,2022-09-22,22,38,9,Septiembre,Q3,2022,2022-09,Jueves,No,No,FY2022,Otono
20220923,2022-09-23,23,38,9,Septiembre,Q3,2022,2022-09,Viernes,No,No,FY2022,Otono
20220924,2022-09-24,24,38,9,Septiembre,Q3,2022,2022-09,Sabado,Si,No,FY2022,Otono
20220925,2022-09-25,25,38,9,Septiembre,Q3,2022,2022-09,Domingo,Si,No,FY2022,Otono
20220926,2022-09-26,26,39,9,Septiembre,Q3,2022,2022-09,Lunes,No,No,FY2022,Otono
20220927,2022-09-27,27,39,9,Septiembre,Q3,2022,2022-09,Martes,No,No,FY2022,Otono
20220928,2022-09-28,28,39,9,Septiembre,Q3,2022,2022-09,Miercoles,No,No,FY2022,Otono
20220929,2022-09-29,29,39,9,Septiembre,Q3,2022,2022-09,Jueves,No,No,FY2022,Otono
20220930,2022-09-30,30,39,9,Septiembre,Q3,2022,2022-09,Viernes,No,No,FY2022,Otono
20221001,2022-10-01,1,39,10,Octubre,Q4,2022,2022-10,Sabado,Si,No,FY2022,Otono
20221002,2022-10-02,2,39,10,Octubre,Q4,2022,2022-10,Domingo,Si,No,FY2022,Otono
20221003,2022-10-03,3,40,10,Octubre,Q4,2022,2022-10,Lunes,No,No,FY2022,Otono
20221004,2022-10-04,4,40,10,Octubre,Q4,2022,2022-10,Martes,No,No,FY2022,Otono
20221005,2022-10-05,5,40,10,Octubre,Q4,2022,2022-10,Miercoles,No,No,FY2022,Otono
20221006,2022-10-06,6,40,10,Octubre,Q4,2022,2022-10,Jueves,No,No,FY2022,Otono
20221007,2022-10-07,7,40,10,Octubre,Q4,2022,2022-10,Viernes,No,No,FY2022,Otono
20221008,2022-10-08,8,40,10,Octubre,Q4,2022,2022-10,Sabado,Si,No,FY2022,Otono
20221009,2022-10-09,9,40,10,Octubre,Q4,2022,2022-10,Domingo,Si,No,FY2022,Otono
20221010,2022-10-10,10,41,10,Octubre,Q4,2022,2022-10,Lunes,No,No,FY2022,Otono
20221011,2022-10-11,11,41,10,Octubre,Q4,2022,2022-10,Martes,No,No,FY2022,Otono
20221012,2022-10-12,12,41,10,Octubre,Q4,2022,2022-10,Miercoles,No,No,FY2022,Otono
20221013,2022-10-13,13,41,10,Octubre,Q4,2022,2022-10,Jueves,No,No,FY2022,Otono
20221014,2022-10-14,14,41,10,Octubre,Q4,2022,2022-10,Viernes,No,No,FY2022,Otono
20221015,2022-10-15,15,41,10,Octubre,Q4,2022,2022-10,Sabado,Si,No,FY2022,Otono
20221016,2022-10-16,16,41,10,Octubre,Q4,2022,2022-10,Domingo,Si,No,FY2022,Otono
20221017,2022-10-17,17,42,10,Octubre,Q4,2022,2022-10,Lunes,No,No,FY2022,Otono
20221018,2022-10-18,18,42,10,Octubre,Q4,2022,2022-10,Martes,No,No,FY2022,Otono
20221019,2022-10-19,19,42,10,Octubre,Q4,2022,2022-10,Miercoles,No,No,FY2022,Otono
20221020,2022-10-20,20,42,10,Octubre,Q4,2022,2022-10,Jueves,No,No,FY2022,Otono
20221021,2022-10-21,21,42,10,Octubre,Q4,2022,2022-10,Viernes,No,No,FY2022,Otono
20221022,2022-10-22,22,42,10,Octubre,Q4,2022,2022-10,Sabado,Si,No,FY2022,Otono
20221023,2022-10-23,23,42,10,Octubre,Q4,2022,2022-10,Domingo,Si,No,FY2022,Otono
20221024,2022-10-24,24,43,10,Octubre,Q4,2022,2022-10,Lunes,No,No,FY2022,Otono
20221025,2022-10-25,25,43,10,Octubre,Q4,2022,2022-10,Martes,No,No,FY2022,Otono
20221026,2022-10-26,26,43,10,Octubre,Q4,2022,2022-10,Miercoles,No,No,FY2022,Otono
20221027,2022-10-27,27,43,10,Octubre,Q4,2022,2022-10,Jueves,No,No,FY2022,Otono
20221028,2022-10-28,28,43,10,Octubre,Q4,2022,2022-10,Viernes,No,No,FY2022,Otono
20221029,2022-10-29,29,43,10,Octubre,Q4,2022,2022-10,Sabado,Si,No,FY2022,Otono
20221030,2022-10-30,30,43,10,Octubre,Q4,2022,2022-10,Domingo,Si,No,FY2022,Otono
20221031,2022-10-31,31,44,10,Octubre,Q4,2022,2022-10,Lunes,No,No,FY2022,Otono
20221101,2022-11-01,1,44,11,Noviembre,Q4,2022,2022-11,Martes,No,No,FY2022,Otono
20221102,2022-11-02,2,44,11,Noviembre,Q4,2022,2022-11,Miercoles,No,No,FY2022,Otono
20221103,2022-11-03,3,44,11,Noviembre,Q4,2022,2022-11,Jueves,No,No,FY2022,Otono
20221104,2022-11-04,4,44,11,Noviembre,Q4,2022,2022-11,Viernes,No,No,FY2022,Otono
20221105,2022-11-05,5,44,11,Noviembre,Q4,2022,2022-11,Sabado,Si,No,FY2022,Otono
20221106,2022-11-06,6,44,11,Noviembre,Q4,2022,2022-11,Domingo,Si,No,FY2022,Otono
20221107,2022-11-07,7,45,11,Noviembre,Q4,2022,2022-11,Lunes,No,No,FY2022,Otono
20221108,2022-11-08,8,45,11,Noviembre,Q4,2022,2022-11,Martes,No,No,FY2022,Otono
20221109,2022-11-09,9,45,11,Noviembre,Q4,2022,2022-11,Miercoles,No,No,FY2022,Otono
20221110,2022-11-10,10,45,11,Noviembre,Q4,2022,2022-11,Jueves,No,No,FY2022,Otono
20221111,2022-11-11,11,45,11,Noviembre,Q4,2022,2022-11,Viernes,No,No,FY2022,Otono
20221112,2022-11-12,12,45,11,Noviembre,Q4,2022,2022-11,Sabado,Si,No,FY2022,Otono
20221113,2022-11-13,13,45,11,Noviembre,Q4,2022,2022-11,Domingo,Si,No,FY2022,Otono
20221114,2022-11-14,14,46,11,Noviembre,Q4,2022,2022-11,Lunes,No,No,FY2022,Otono
20221115,2022-11-15,15,46,11,Noviembre,Q4,2022,2022-11,Martes,No,No,FY2022,Otono
20221116,2022-11-16,16,46,11,Noviembre,Q4,2022,2022-11,Miercoles,No,No,FY2022,Otono
20221117,2022-11-17,17,46,11,Noviembre,Q4,2022,2022-11,Jueves,No,No,FY2022,Otono
20221118,2022-11-18,18,46,11,Noviembre,Q4,2022,2022-11,Viernes,No,No,FY2022,Otono
20221119,2022-11-19,19,46,11,Noviembre,Q4,2022,2022-11,Sabado,Si,No,FY2022,Otono
20221120,2022-11-20,20,46,11,Noviembre,Q4,2022,2022-11,Domingo,Si,Si,FY2022,Otono
20221121,2022-11-21,21,47,11,Noviembre,Q4,2022,2022-11,Lunes,No,No,FY2022,Otono
20221122,2022-11-22,22,47,11,Noviembre,Q4,2022,2022-11,Martes,No,No,FY2022,Otono
20221123,2022-11-23,23,47,11,Noviembre,Q4,2022,2022-11,Miercoles,No,No,FY2022,Otono
20221124,2022-11-24,24,47,11,Noviembre,Q4,2022,2022-11,Jueves,No,No,FY2022,Otono
20221125,2022-11-25,25,47,11,Noviembre,Q4,2022,2022-11,Viernes,No,No,FY2022,Otono
20221126,2022-11-26,26,47,11,Noviembre,Q4,2022,2022-11,Sabado,Si,No,FY2022,Otono
20221127,2022-11-27,27,47,11,Noviembre,Q4,2022,2022-11,Domingo,Si,No,FY2022,Otono
20221128,2022-11-28,28,48,11,Noviembre,Q4,2022,2022-11,Lunes,No,No,FY2022,Otono
20221129,2022-11-29,29,48,11,Noviembre,Q4,2022,2022-11,Martes,No,No,FY2022,Otono
20221130,2022-11-30,30,48,11,Noviembre,Q4,2022,2022-11,Miercoles,No,No,FY2022,Otono
20221201,2022-12-01,1,48,12,Diciembre,Q4,2022,2022-12,Jueves,No,No,FY2022,Invierno
20221202,2022-12-02,2,48,12,Diciembre,Q4,2022,2022-12,Viernes,No,No,FY2022,Invierno
20221203,2022-12-03,3,48,12,Diciembre,Q4,2022,2022-12,Sabado,Si,No,FY2022,Invierno
20221204,2022-12-04,4,48,12,Diciembre,Q4,2022,2022-12,Domingo,Si,No,FY2022,Invierno
20221205,2022-12-05,5,49,12,Diciembre,Q4,2022,2022-12,Lunes,No,No,FY2022,Invierno
20221206,2022-12-06,6,49,12,Diciembre,Q4,2022,2022-12,Martes,No,No,FY2022,Invierno
20221207,2022-12-07,7,49,12,Diciembre,Q4,2022,2022-12,Miercoles,No,No,FY2022,Invierno
20221208,2022-12-08,8,49,12,Diciembre,Q4,2022,2022-12,Jueves,No,No,FY2022,Invierno
20221209,2022-12-09,9,49,12,Diciembre,Q4,2022,2022-12,Viernes,No,No,FY2022,Invierno
20221210,2022-12-10,10,49,12,Diciembre,Q4,2022,2022-12,Sabado,Si,No,FY2022,Invierno
20221211,2022-12-11,11,49,12,Diciembre,Q4,2022,2022-12,Domingo,Si,No,FY2022,Invierno
20221212,2022-12-12,12,50,12,Diciembre,Q4,2022,2022-12,Lunes,No,No,FY2022,Invierno
20221213,2022-12-13,13,50,12,Diciembre,Q4,2022,2022-12,Martes,No,No,FY2022,Invierno
20221214,2022-12-14,14,50,12,Diciembre,Q4,2022,2022-12,Miercoles,No,No,FY2022,Invierno
20221215,2022-12-15,15,50,12,Diciembre,Q4,2022,2022-12,Jueves,No,No,FY2022,Invierno
20221216,2022-12-16,16,50,12,Diciembre,Q4,2022,2022-12,Viernes,No,No,FY2022,Invierno
20221217,2022-12-17,17,50,12,Diciembre,Q4,2022,2022-12,Sabado,Si,No,FY2022,Invierno
20221218,2022-12-18,18,50,12,Diciembre,Q4,2022,2022-12,Domingo,Si,No,FY2022,Invierno
20221219,2022-12-19,19,51,12,Diciembre,Q4,2022,2022-12,Lunes,No,No,FY2022,Invierno
20221220,2022-12-20,20,51,12,Diciembre,Q4,2022,2022-12,Martes,No,No,FY2022,Invierno
20221221,2022-12-21,21,51,12,Diciembre,Q4,2022,2022-12,Miercoles,No,No,FY2022,Invierno
20221222,2022-12-22,22,51,12,Diciembre,Q4,2022,2022-12,Jueves,No,No,FY2022,Invierno
20221223,2022-12-23,23,51,12,Diciembre,Q4,2022,2022-12,Viernes,No,No,FY2022,Invierno
20221224,2022-12-24,24,51,12,Diciembre,Q4,2022,2022-12,Sabado,Si,No,FY2022,Invierno
20221225,2022-12-25,25,51,12,Diciembre,Q4,2022,2022-12,Domingo,Si,Si,FY2022,Invierno
20221226,2022-12-26,26,52,12,Diciembre,Q4,2022,2022-12,Lunes,No,No,FY2022,Invierno
20221227,2022-12-27,27,52,12,Diciembre,Q4,2022,2022-12,Martes,No,No,FY2022,Invierno
20221228,2022-12-28,28,52,12,Diciembre,Q4,2022,2022-12,Miercoles,No,No,FY2022,Invierno
20221229,2022-12-29,29,52,12,Diciembre,Q4,2022,2022-12,Jueves,No,No,FY2022,Invierno
20221230,2022-12-30,30,52,12,Diciembre,Q4,2022,2022-12,Viernes,No,No,FY2022,Invierno
20221231,2022-12-31,31,52,12,Diciembre,Q4,2022,2022-12,Sabado,Si,No,FY2022,Invierno
20230101,2023-01-01,1,52,1,Enero,Q1,2023,2023-01,Domingo,Si,Si,FY2023,Invierno
20230102,2023-01-02,2,1,1,Enero,Q1,2023,2023-01,Lunes,No,No,FY2023,Invierno
20230103,2023-01-03,3,1,1,Enero,Q1,2023,2023-01,Martes,No,No,FY2023,Invierno
20230104,2023-01-04,4,1,1,Enero,Q1,2023,2023-01,Miercoles,No,No,FY2023,Invierno
20230105,2023-01-05,5,1,1,Enero,Q1,2023,2023-01,Jueves,No,No,FY2023,Invierno
20230106,2023-01-06,6,1,1,Enero,Q1,2023,2023-01,Viernes,No,No,FY2023,Invierno
20230107,2023-01-07,7,1,1,Enero,Q1,2023,2023-01,Sabado,Si,No,FY2023,Invierno
20230108,2023-01-08,8,1,1,Enero,Q1,2023,2023-01,Domingo,Si,No,FY2023,Invierno
20230109,2023-01-09,9,2,1,Enero,Q1,2023,2023-01,Lunes,No,No,FY2023,Invierno
20230110,2023-01-10,10,2,1,Enero,Q1,2023,2023-01,Martes,No,No,FY2023,Invierno
20230111,2023-01-11,11,2,1,Enero,Q1,2023,2023-01,Miercoles,No,No,FY2023,Invierno
20230112,2023-01-12,12,2,1,Enero,Q1,2023,2023-01,Jueves,No,No,FY2023,Invierno
20230113,2023-01-13,13,2,1,Enero,Q1,2023,2023-01,Viernes,No,No,FY2023,Invierno
20230114,2023-01-14,14,2,1,Enero,Q1,2023,2023-01,Sabado,Si,No,FY2023,Invierno
20230115,2023-01-15,15,2,1,Enero,Q1,2023,2023-01,Domingo,Si,No,FY2023,Invierno
20230116,2023-01-16,16,3,1,Enero,Q1,2023,2023-01,Lunes,No,No,FY2023,Invierno
20230117,2023-01-17,17,3,1,Enero,Q1,2023,2023-01,Martes,No,No,FY2023,Invierno
20230118,2023-01-18,18,3,1,Enero,Q1,2023,2023-01,Miercoles,No,No,FY2023,Invierno
20230119,2023-01-19,19,3,1,Enero,Q1,2023,2023-01,Jueves,No,No,FY2023,Invierno
20230120,2023-01-20,20,3,1,Enero,Q1,2023,2023-01,Viernes,No,No,FY2023,Invierno
20230121,2023-01-21,21,3,1,Enero,Q1,2023,2023-01,Sabado,Si,No,FY2023,Invierno
20230122,2023-01-22,22,3,1,Enero,Q1,2023,2023-01,Domingo,Si,No,FY2023,Invierno
20230123,2023-01-23,23,4,1,Enero,Q1,2023,2023-01,Lunes,No,No,FY2023,Invierno
20230124,2023-01-24,24,4,1,Enero,Q1,2023,2023-01,Martes,No,No,FY2023,Invierno
20230125,2023-01-25,25,4,1,Enero,Q1,2023,2023-01,Miercoles,No,No,FY2023,Invierno
20230126,2023-01-26,26,4,1,Enero,Q1,2023,2023-01,Jueves,No,No,FY2023,Invierno
20230127,2023-01-27,27,4,1,Enero,Q1,2023,2023-01,Viernes,No,No,FY2023,Invierno
20230128,2023-01-28,28,4,1,Enero,Q1,2023,2023-01,Sabado,Si,No,FY2023,Invierno
20230129,2023-01-29,29,4,1,Enero,Q1,2023,2023-01,Domingo,Si,No,FY2023,Invierno
20230130,2023-01-30,30,5,1,Enero,Q1,2023,2023-01,Lunes,No,No,FY2023,Invierno
20230131,2023-01-31,31,5,1,Enero,Q1,2023,2023-01,Martes,No,No,FY2023,Invierno
20230201,2023-02-01,1,5,2,Febrero,Q1,2023,2023-02,Miercoles,No,No,FY2023,Invierno
20230202,2023-02-02,2,5,2,Febrero,Q1,2023,2023-02,Jueves,No,No,FY2023,Invierno
20230203,2023-02-03,3,5,2,Febrero,Q1,2023,2023-02,Viernes,No,No,FY2023,Invierno
20230204,2023-02-04,4,5,2,Febrero,Q1,2023,2023-02,Sabado,Si,No,FY2023,Invierno
20230205,2023-02-05,5,5,2,Febrero,Q1,2023,2023-02,Domingo,Si,No,FY2023,Invierno
20230206,2023-02-06,6,6,2,Febrero,Q1,2023,2023-02,Lunes,No,No,FY2023,Invierno
20230207,2023-02-07,7,6,2,Febrero,Q1,2023,2023-02,Martes,No,No,FY2023,Invierno
20230208,2023-02-08,8,6,2,Febrero,Q1,2023,2023-02,Miercoles,No,No,FY2023,Invierno
20230209,2023-02-09,9,6,2,Febrero,Q1,2023,2023-02,Jueves,No,No,FY2023,Invierno
20230210,2023-02-10,10,6,2,Febrero,Q1,2023,2023-02,Viernes,No,No,FY2023,Invierno
20230211,2023-02-11,11,6,2,Febrero,Q1,2023,2023-02,Sabado,Si,No,FY2023,Invierno
20230212,2023-02-12,12,6,2,Febrero,Q1,2023,2023-02,Domingo,Si,No,FY2023,Invierno
20230213,2023-02-13,13,7,2,Febrero,Q1,2023,2023-02,Lunes,No,No,FY2023,Invierno
20230214,2023-02-14,14,7,2,Febrero,Q1,2023,2023-02,Martes,No,No,FY2023,Invierno
20230215,2023-02-15,15,7,2,Febrero,Q1,2023,2023-02,Miercoles,No,No,FY2023,Invierno
20230216,2023-02-16,16,7,2,Febrero,Q1,2023,2023-02,Jueves,No,No,FY2023,Invierno
20230217,2023-02-17,17,7,2,Febrero,Q1,2023,2023-02,Viernes,No,No,FY2023,Invierno
20230218,2023-02-18,18,7,2,Febrero,Q1,2023,2023-02,Sabado,Si,No,FY2023,Invierno
20230219,2023-02-19,19,7,2,Febrero,Q1,2023,2023-02,Domingo,Si,No,FY2023,Invierno
20230220,2023-02-20,20,8,2,Febrero,Q1,2023,2023-02,Lunes,No,No,FY2023,Invierno
20230221,2023-02-21,21,8,2,Febrero,Q1,2023,2023-02,Martes,No,No,FY2023,Invierno
20230222,2023-02-22,22,8,2,Febrero,Q1,2023,2023-02,Miercoles,No,No,FY2023,Invierno
20230223,2023-02-23,23,8,2,Febrero,Q1,2023,2023-02,Jueves,No,No,FY2023,Invierno
20230224,2023-02-24,24,8,2,Febrero,Q1,2023,2023-02,Viernes,No,No,FY2023,Invierno
20230225,2023-02-25,25,8,2,Febrero,Q1,2023,2023-02,Sabado,Si,No,FY2023,Invierno
20230226,2023-02-26,26,8,2,Febrero,Q1,2023,2023-02,Domingo,Si,No,FY2023,Invierno
20230227,2023-02-27,27,9,2,Febrero,Q1,2023,2023-02,Lunes,No,No,FY2023,Invierno
20230228,2023-02-28,28,9,2,Febrero,Q1,2023,2023-02,Martes,No,No,FY2023,Invierno
20230301,2023-03-01,1,9,3,Marzo,Q1,2023,2023-03,Miercoles,No,No,FY2023,Primavera
20230302,2023-03-02,2,9,3,Marzo,Q1,2023,2023-03,Jueves,No,No,FY2023,Primavera
20230303,2023-03-03,3,9,3,Marzo,Q1,2023,2023-03,Viernes,No,No,FY2023,Primavera
20230304,2023-03-04,4,9,3,Marzo,Q1,2023,2023-03,Sabado,Si,No,FY2023,Primavera
20230305,2023-03-05,5,9,3,Marzo,Q1,2023,2023-03,Domingo,Si,No,FY2023,Primavera
20230306,2023-03-06,6,10,3,Marzo,Q1,2023,2023-03,Lunes,No,No,FY2023,Primavera
20230307,2023-03-07,7,10,3,Marzo,Q1,2023,2023-03,Martes,No,No,FY2023,Primavera
20230308,2023-03-08,8,10,3,Marzo,Q1,2023,2023-03,Miercoles,No,No,FY2023,Primavera
20230309,2023-03-09,9,10,3,Marzo,Q1,2023,2023-03,Jueves,No,No,FY2023,Primavera
20230310,2023-03-10,10,10,3,Marzo,Q1,2023,2023-03,Viernes,No,No,FY2023,Primavera
20230311,2023-03-11,11,10,3,Marzo,Q1,2023,2023-03,Sabado,Si,No,FY2023,Primavera
20230312,2023-03-12,12,10,3,Marzo,Q1,2023,2023-03,Domingo,Si,No,FY2023,Primavera
20230313,2023-03-13,13,11,3,Marzo,Q1,2023,2023-03,Lunes,No,No,FY2023,Primavera
20230314,2023-03-14,14,11,3,Marzo,Q1,2023,2023-03,Martes,No,No,FY2023,Primavera
20230315,2023-03-15,15,11,3,Marzo,Q1,2023,2023-03,Miercoles,No,No,FY2023,Primavera
20230316,2023-03-16,16,11,3,Marzo,Q1,2023,2023-03,Jueves,No,No,FY2023,Primavera
20230317,2023-03-17,17,11,3,Marzo,Q1,2023,2023-03,Viernes,No,No,FY2023,Primavera
20230318,2023-03-18,18,11,3,Marzo,Q1,2023,2023-03,Sabado,Si,No,FY2023,Primavera
20230319,2023-03-19,19,11,3,Marzo,Q1,2023,2023-03,Domingo,Si,No,FY2023,Primavera
20230320,2023-03-20,20,12,3,Marzo,Q1,2023,2023-03,Lunes,No,No,FY2023,Primavera
20230321,2023-03-21,21,12,3,Marzo,Q1,2023,2023-03,Martes,No,Si,FY2023,Primavera
20230322,2023-03-22,22,12,3,Marzo,Q1,2023,2023-03,Miercoles,No,No,FY2023,Primavera
20230323,2023-03-23,23,12,3,Marzo,Q1,2023,2023-03,Jueves,No,No,FY2023,Primavera
20230324,2023-03-24,24,12,3,Marzo,Q1,2023,2023-03,Viernes,No,No,FY2023,Primavera
20230325,2023-03-25,25,12,3,Marzo,Q1,2023,2023-03,Sabado,Si,No,FY2023,Primavera
20230326,2023-03-26,26,12,3,Marzo,Q1,2023,2023-03,Domingo,Si,No,FY2023,Primavera
20230327,2023-03-27,27,13,3,Marzo,Q1,2023,2023-03,Lunes,No,No,FY2023,Primavera
20230328,2023-03-28,28,13,3,Marzo,Q1,2023,2023-03,Martes,No,No,FY2023,Primavera
20230329,2023-03-29,29,13,3,Marzo,Q1,2023,2023-03,Miercoles,No,No,FY2023,Primavera
20230330,2023-03-30,30,13,3,Marzo,Q1,2023,2023-03,Jueves,No,No,FY2023,Primavera
20230331,2023-03-31,31,13,3,Marzo,Q1,2023,2023-03,Viernes,No,No,FY2023,Primavera
20230401,2023-04-01,1,13,4,Abril,Q2,2023,2023-04,Sabado,Si,No,FY2023,Primavera
20230402,2023-04-02,2,13,4,Abril,Q2,2023,2023-04,Domingo,Si,No,FY2023,Primavera
20230403,2023-04-03,3,14,4,Abril,Q2,2023,2023-04,Lunes,No,No,FY2023,Primavera
20230404,2023-04-04,4,14,4,Abril,Q2,2023,2023-04,Martes,No,No,FY2023,Primavera
20230405,2023-04-05,5,14,4,Abril,Q2,2023,2023-04,Miercoles,No,No,FY2023,Primavera
20230406,2023-04-06,6,14,4,Abril,Q2,2023,2023-04,Jueves,No,No,FY2023,Primavera
20230407,2023-04-07,7,14,4,Abril,Q2,2023,2023-04,Viernes,No,No,FY2023,Primavera
20230408,2023-04-08,8,14,4,Abril,Q2,2023,2023-04,Sabado,Si,No,FY2023,Primavera
20230409,2023-04-09,9,14,4,Abril,Q2,2023,2023-04,Domingo,Si,No,FY2023,Primavera
20230410,2023-04-10,10,15,4,Abril,Q2,2023,2023-04,Lunes,No,No,FY2023,Primavera
20230411,2023-04-11,11,15,4,Abril,Q2,2023,2023-04,Martes,No,No,FY2023,Primavera
20230412,2023-04-12,12,15,4,Abril,Q2,2023,2023-04,Miercoles,No,No,FY2023,Primavera
20230413,2023-04-13,13,15,4,Abril,Q2,2023,2023-04,Jueves,No,No,FY2023,Primavera
20230414,2023-04-14,14,15,4,Abril,Q2,2023,2023-04,Viernes,No,No,FY2023,Primavera
20230415,2023-04-15,15,15,4,Abril,Q2,2023,2023-04,Sabado,Si,No,FY2023,Primavera
20230416,2023-04-16,16,15,4,Abril,Q2,2023,2023-04,Domingo,Si,No,FY2023,Primavera
20230417,2023-04-17,17,16,4,Abril,Q2,2023,2023-04,Lunes,No,No,FY2023,Primavera
20230418,2023-04-18,18,16,4,Abril,Q2,2023,2023-04,Martes,No,No,FY2023,Primavera
20230419,2023-04-19,19,16,4,Abril,Q2,2023,2023-04,Miercoles,No,No,FY2023,Primavera
20230420,2023-04-20,20,16,4,Abril,Q2,2023,2023-04,Jueves,No,No,FY2023,Primavera
20230421,2023-04-21,21,16,4,Abril,Q2,2023,2023-04,Viernes,No,No,FY2023,Primavera
20230422,2023-04-22,22,16,4,Abril,Q2,2023,2023-04,Sabado,Si,No,FY2023,Primavera
20230423,2023-04-23,23,16,4,Abril,Q2,2023,2023-04,Domingo,Si,No,FY2023,Primavera
20230424,2023-04-24,24,17,4,Abril,Q2,2023,2023-04,Lunes,No,No,FY2023,Primavera
20230425,2023-04-25,25,17,4,Abril,Q2,2023,2023-04,Martes,No,No,FY2023,Primavera
20230426,2023-04-26,26,17,4,Abril,Q2,2023,2023-04,Miercoles,No,No,FY2023,Primavera
20230427,2023-04-27,27,17,4,Abril,Q2,2023,2023-04,Jueves,No,No,FY2023,Primavera
20230428,2023-04-28,28,17,4,Abril,Q2,2023,2023-04,Viernes,No,No,FY2023,Primavera
20230429,2023-04-29,29,17,4,Abril,Q2,2023,2023-04,Sabado,Si,No,FY2023,Primavera
20230430,2023-04-30,30,17,4,Abril,Q2,2023,2023-04,Domingo,Si,No,FY2023,Primavera
20230501,2023-05-01,1,18,5,Mayo,Q2,2023,2023-05,Lunes,No,Si,FY2023,Primavera
20230502,2023-05-02,2,18,5,Mayo,Q2,2023,2023-05,Martes,No,No,FY2023,Primavera
20230503,2023-05-03,3,18,5,Mayo,Q2,2023,2023-05,Miercoles,No,No,FY2023,Primavera
20230504,2023-05-04,4,18,5,Mayo,Q2,2023,2023-05,Jueves,No,No,FY2023,Primavera
20230505,2023-05-05,5,18,5,Mayo,Q2,2023,2023-05,Viernes,No,No,FY2023,Primavera
20230506,2023-05-06,6,18,5,Mayo,Q2,2023,2023-05,Sabado,Si,No,FY2023,Primavera
20230507,2023-05-07,7,18,5,Mayo,Q2,2023,2023-05,Domingo,Si,No,FY2023,Primavera
20230508,2023-05-08,8,19,5,Mayo,Q2,2023,2023-05,Lunes,No,No,FY2023,Primavera
20230509,2023-05-09,9,19,5,Mayo,Q2,2023,2023-05,Martes,No,No,FY2023,Primavera
20230510,2023-05-10,10,19,5,Mayo,Q2,2023,2023-05,Miercoles,No,No,FY2023,Primavera
20230511,2023-05-11,11,19,5,Mayo,Q2,2023,2023-05,Jueves,No,No,FY2023,Primavera
20230512,2023-05-12,12,19,5,Mayo,Q2,2023,2023-05,Viernes,No,No,FY2023,Primavera
20230513,2023-05-13,13,19,5,Mayo,Q2,2023,2023-05,Sabado,Si,No,FY2023,Primavera
20230514,2023-05-14,14,19,5,Mayo,Q2,2023,2023-05,Domingo,Si,No,FY2023,Primavera
20230515,2023-05-15,15,20,5,Mayo,Q2,2023,2023-05,Lunes,No,No,FY2023,Primavera
20230516,2023-05-16,16,20,5,Mayo,Q2,2023,2023-05,Martes,No,No,FY2023,Primavera
20230517,2023-05-17,17,20,5,Mayo,Q2,2023,2023-05,Miercoles,No,No,FY2023,Primavera
20230518,2023-05-18,18,20,5,Mayo,Q2,2023,2023-05,Jueves,No,No,FY2023,Primavera
20230519,2023-05-19,19,20,5,Mayo,Q2,2023,2023-05,Viernes,No,No,FY2023,Primavera
20230520,2023-05-20,20,20,5,Mayo,Q2,2023,2023-05,Sabado,Si,No,FY2023,Primavera
20230521,2023-05-21,21,20,5,Mayo,Q2,2023,2023-05,Domingo,Si,No,FY2023,Primavera
20230522,2023-05-22,22,21,5,Mayo,Q2,2023,2023-05,Lunes,No,No,FY2023,Primavera
20230523,2023-05-23,23,21,5,Mayo,Q2,2023,2023-05,Martes,No,No,FY2023,Primavera
20230524,2023-05-24,24,21,5,Mayo,Q2,2023,2023-05,Miercoles,No,No,FY2023,Primavera
20230525,2023-05-25,25,21,5,Mayo,Q2,2023,2023-05,Jueves,No,No,FY2023,Primavera
20230526,2023-05-26,26,21,5,Mayo,Q2,2023,2023-05,Viernes,No,No,FY2023,Primavera
20230527,2023-05-27,27,21,5,Mayo,Q2,2023,2023-05,Sabado,Si,No,FY2023,Primavera
20230528,2023-05-28,28,21,5,Mayo,Q2,2023,2023-05,Domingo,Si,No,FY2023,Primavera
20230529,2023-05-29,29,22,5,Mayo,Q2,2023,2023-05,Lunes,No,No,FY2023,Primavera
20230530,2023-05-30,30,22,5,Mayo,Q2,2023,2023-05,Martes,No,No,FY2023,Primavera
20230531,2023-05-31,31,22,5,Mayo,Q2,2023,2023-05,Miercoles,No,No,FY2023,Primavera
20230601,2023-06-01,1,22,6,Junio,Q2,2023,2023-06,Jueves,No,No,FY2023,Verano
20230602,2023-06-02,2,22,6,Junio,Q2,2023,2023-06,Viernes,No,No,FY2023,Verano
20230603,2023-06-03,3,22,6,Junio,Q2,2023,2023-06,Sabado,Si,No,FY2023,Verano
20230604,2023-06-04,4,22,6,Junio,Q2,2023,2023-06,Domingo,Si,No,FY2023,Verano
20230605,2023-06-05,5,23,6,Junio,Q2,2023,2023-06,Lunes,No,No,FY2023,Verano
20230606,2023-06-06,6,23,6,Junio,Q2,2023,2023-06,Martes,No,No,FY2023,Verano
20230607,2023-06-07,7,23,6,Junio,Q2,2023,2023-06,Miercoles,No,No,FY2023,Verano
20230608,2023-06-08,8,23,6,Junio,Q2,2023,2023-06,Jueves,No,No,FY2023,Verano
20230609,2023-06-09,9,23,6,Junio,Q2,2023,2023-06,Viernes,No,No,FY2023,Verano
20230610,2023-06-10,10,23,6,Junio,Q2,2023,2023-06,Sabado,Si,No,FY2023,Verano
20230611,2023-06-11,11,23,6,Junio,Q2,2023,2023-06,Domingo,Si,No,FY2023,Verano
20230612,2023-06-12,12,24,6,Junio,Q2,2023,2023-06,Lunes,No,No,FY2023,Verano
20230613,2023-06-13,13,24,6,Junio,Q2,2023,2023-06,Martes,No,No,FY2023,Verano
20230614,2023-06-14,14,24,6,Junio,Q2,2023,2023-06,Miercoles,No,No,FY2023,Verano
20230615,2023-06-15,15,24,6,Junio,Q2,2023,2023-06,Jueves,No,No,FY2023,Verano
20230616,2023-06-16,16,24,6,Junio,Q2,2023,2023-06,Viernes,No,No,FY2023,Verano
20230617,2023-06-17,17,24,6,Junio,Q2,2023,2023-06,Sabado,Si,No,FY2023,Verano
20230618,2023-06-18,18,24,6,Junio,Q2,2023,2023-06,Domingo,Si,No,FY2023,Verano
20230619,2023-06-19,19,25,6,Junio,Q2,2023,2023-06,Lunes,No,No,FY2023,Verano
20230620,2023-06-20,20,25,6,Junio,Q2,2023,2023-06,Martes,No,No,FY2023,Verano
20230621,2023-06-21,21,25,6,Junio,Q2,2023,2023-06,Miercoles,No,No,FY2023,Verano
20230622,2023-06-22,22,25,6,Junio,Q2,2023,2023-06,Jueves,No,No,FY2023,Verano
20230623,2023-06-23,23,25,6,Junio,Q2,2023,2023-06,Viernes,No,No,FY2023,Verano
20230624,2023-06-24,24,25,6,Junio,Q2,2023,2023-06,Sabado,Si,No,FY2023,Verano
20230625,2023-06-25,25,25,6,Junio,Q2,2023,2023-06,Domingo,Si,No,FY2023,Verano
20230626,2023-06-26,26,26,6,Junio,Q2,2023,2023-06,Lunes,No,No,FY2023,Verano
20230627,2023-06-27,27,26,6,Junio,Q2,2023,2023-06,Martes,No,No,FY2023,Verano
20230628,2023-06-28,28,26,6,Junio,Q2,2023,2023-06,Miercoles,No,No,FY2023,Verano
20230629,2023-06-29,29,26,6,Junio,Q2,2023,2023-06,Jueves,No,No,FY2023,Verano
20230630,2023-06-30,30,26,6,Junio,Q2,2023,2023-06,Viernes,No,No,FY2023,Verano
20230701,2023-07-01,1,26,7,Julio,Q3,2023,2023-07,Sabado,Si,No,FY2023,Verano
20230702,2023-07-02,2,26,7,Julio,Q3,2023,2023-07,Domingo,Si,No,FY2023,Verano
20230703,2023-07-03,3,27,7,Julio,Q3,2023,2023-07,Lunes,No,No,FY2023,Verano
20230704,2023-07-04,4,27,7,Julio,Q3,2023,2023-07,Martes,No,No,FY2023,Verano
20230705,2023-07-05,5,27,7,Julio,Q3,2023,2023-07,Miercoles,No,No,FY2023,Verano
20230706,2023-07-06,6,27,7,Julio,Q3,2023,2023-07,Jueves,No,No,FY2023,Verano
20230707,2023-07-07,7,27,7,Julio,Q3,2023,2023-07,Viernes,No,No,FY2023,Verano
20230708,2023-07-08,8,27,7,Julio,Q3,2023,2023-07,Sabado,Si,No,FY2023,Verano
20230709,2023-07-09,9,27,7,Julio,Q3,2023,2023-07,Domingo,Si,No,FY2023,Verano
20230710,2023-07-10,10,28,7,Julio,Q3,2023,2023-07,Lunes,No,No,FY2023,Verano
20230711,2023-07-11,11,28,7,Julio,Q3,2023,2023-07,Martes,No,No,FY2023,Verano
20230712,2023-07-12,12,28,7,Julio,Q3,2023,2023-07,Miercoles,No,No,FY2023,Verano
20230713,2023-07-13,13,28,7,Julio,Q3,2023,2023-07,Jueves,No,No,FY2023,Verano
20230714,2023-07-14,14,28,7,Julio,Q3,2023,2023-07,Viernes,No,No,FY2023,Verano
20230715,2023-07-15,15,28,7,Julio,Q3,2023,2023-07,Sabado,Si,No,FY2023,Verano
20230716,2023-07-16,16,28,7,Julio,Q3,2023,2023-07,Domingo,Si,No,FY2023,Verano
20230717,2023-07-17,17,29,7,Julio,Q3,2023,2023-07,Lunes,No,No,FY2023,Verano
20230718,2023-07-18,18,29,7,Julio,Q3,2023,2023-07,Martes,No,No,FY2023,Verano
20230719,2023-07-19,19,29,7,Julio,Q3,2023,2023-07,Miercoles,No,No,FY2023,Verano
20230720,2023-07-20,20,29,7,Julio,Q3,2023,2023-07,Jueves,No,No,FY2023,Verano
20230721,2023-07-21,21,29,7,Julio,Q3,2023,2023-07,Viernes,No,No,FY2023,Verano
20230722,2023-07-22,22,29,7,Julio,Q3,2023,2023-07,Sabado,Si,No,FY2023,Verano
20230723,2023-07-23,23,29,7,Julio,Q3,2023,2023-07,Domingo,Si,No,FY2023,Verano
20230724,2023-07-24,24,30,7,Julio,Q3,2023,2023-07,Lunes,No,No,FY2023,Verano
20230725,2023-07-25,25,30,7,Julio,Q3,2023,2023-07,Martes,No,No,FY2023,Verano
20230726,2023-07-26,26,30,7,Julio,Q3,2023,2023-07,Miercoles,No,No,FY2023,Verano
20230727,2023-07-27,27,30,7,Julio,Q3,2023,2023-07,Jueves,No,No,FY2023,Verano
20230728,2023-07-28,28,30,7,Julio,Q3,2023,2023-07,Viernes,No,No,FY2023,Verano
20230729,2023-07-29,29,30,7,Julio,Q3,2023,2023-07,Sabado,Si,No,FY2023,Verano
20230730,2023-07-30,30,30,7,Julio,Q3,2023,2023-07,Domingo,Si,No,FY2023,Verano
20230731,2023-07-31,31,31,7,Julio,Q3,2023,2023-07,Lunes,No,No,FY2023,Verano
20230801,2023-08-01,1,31,8,Agosto,Q3,2023,2023-08,Martes,No,No,FY2023,Verano
20230802,2023-08-02,2,31,8,Agosto,Q3,2023,2023-08,Miercoles,No,No,FY2023,Verano
20230803,2023-08-03,3,31,8,Agosto,Q3,2023,2023-08,Jueves,No,No,FY2023,Verano
20230804,2023-08-04,4,31,8,Agosto,Q3,2023,2023-08,Viernes,No,No,FY2023,Verano
20230805,2023-08-05,5,31,8,Agosto,Q3,2023,2023-08,Sabado,Si,No,FY2023,Verano
20230806,2023-08-06,6,31,8,Agosto,Q3,2023,2023-08,Domingo,Si,No,FY2023,Verano
20230807,2023-08-07,7,32,8,Agosto,Q3,2023,2023-08,Lunes,No,No,FY2023,Verano
20230808,2023-08-08,8,32,8,Agosto,Q3,2023,2023-08,Martes,No,No,FY2023,Verano
20230809,2023-08-09,9,32,8,Agosto,Q3,2023,2023-08,Miercoles,No,No,FY2023,Verano
20230810,2023-08-10,10,32,8,Agosto,Q3,2023,2023-08,Jueves,No,No,FY2023,Verano
20230811,2023-08-11,11,32,8,Agosto,Q3,2023,2023-08,Viernes,No,No,FY2023,Verano
20230812,2023-08-12,12,32,8,Agosto,Q3,2023,2023-08,Sabado,Si,No,FY2023,Verano
20230813,2023-08-13,13,32,8,Agosto,Q3,2023,2023-08,Domingo,Si,No,FY2023,Verano
20230814,2023-08-14,14,33,8,Agosto,Q3,2023,2023-08,Lunes,No,No,FY2023,Verano
20230815,2023-08-15,15,33,8,Agosto,Q3,2023,2023-08,Martes,No,No,FY2023,Verano
20230816,2023-08-16,16,33,8,Agosto,Q3,2023,2023-08,Miercoles,No,No,FY2023,Verano
20230817,2023-08-17,17,33,8,Agosto,Q3,2023,2023-08,Jueves,No,No,FY2023,Verano
20230818,2023-08-18,18,33,8,Agosto,Q3,2023,2023-08,Viernes,No,No,FY2023,Verano
20230819,2023-08-19,19,33,8,Agosto,Q3,2023,2023-08,Sabado,Si,No,FY2023,Verano
20230820,2023-08-20,20,33,8,Agosto,Q3,2023,2023-08,Domingo,Si,No,FY2023,Verano
20230821,2023-08-21,21,34,8,Agosto,Q3,2023,2023-08,Lunes,No,No,FY2023,Verano
20230822,2023-08-22,22,34,8,Agosto,Q3,2023,2023-08,Martes,No,No,FY2023,Verano
20230823,2023-08-23,23,34,8,Agosto,Q3,2023,2023-08,Miercoles,No,No,FY2023,Verano
20230824,2023-08-24,24,34,8,Agosto,Q3,2023,2023-08,Jueves,No,No,FY2023,Verano
20230825,2023-08-25,25,34,8,Agosto,Q3,2023,2023-08,Viernes,No,No,FY2023,Verano
20230826,2023-08-26,26,34,8,Agosto,Q3,2023,2023-08,Sabado,Si,No,FY2023,Verano
20230827,2023-08-27,27,34,8,Agosto,Q3,2023,2023-08,Domingo,Si,No,FY2023,Verano
20230828,2023-08-28,28,35,8,Agosto,Q3,2023,2023-08,Lunes,No,No,FY2023,Verano
20230829,2023-08-29,29,35,8,Agosto,Q3,2023,2023-08,Martes,No,No,FY2023,Verano
20230830,2023-08-30,30,35,8,Agosto,Q3,2023,2023-08,Miercoles,No,No,FY2023,Verano
20230831,2023-08-31,31,35,8,Agosto,Q3,2023,2023-08,Jueves,No,No,FY2023,Verano
20230901,2023-09-01,1,35,9,Septiembre,Q3,2023,2023-09,Viernes,No,No,FY2023,Otono
20230902,2023-09-02,2,35,9,Septiembre,Q3,2023,2023-09,Sabado,Si,No,FY2023,Otono
20230903,2023-09-03,3,35,9,Septiembre,Q3,2023,2023-09,Domingo,Si,No,FY2023,Otono
20230904,2023-09-04,4,36,9,Septiembre,Q3,2023,2023-09,Lunes,No,No,FY2023,Otono
20230905,2023-09-05,5,36,9,Septiembre,Q3,2023,2023-09,Martes,No,No,FY2023,Otono
20230906,2023-09-06,6,36,9,Septiembre,Q3,2023,2023-09,Miercoles,No,No,FY2023,Otono
20230907,2023-09-07,7,36,9,Septiembre,Q3,2023,2023-09,Jueves,No,No,FY2023,Otono
20230908,2023-09-08,8,36,9,Septiembre,Q3,2023,2023-09,Viernes,No,No,FY2023,Otono
20230909,2023-09-09,9,36,9,Septiembre,Q3,2023,2023-09,Sabado,Si,No,FY2023,Otono
20230910,2023-09-10,10,36,9,Septiembre,Q3,2023,2023-09,Domingo,Si,No,FY2023,Otono
20230911,2023-09-11,11,37,9,Septiembre,Q3,2023,2023-09,Lunes,No,No,FY2023,Otono
20230912,2023-09-12,12,37,9,Septiembre,Q3,2023,2023-09,Martes,No,No,FY2023,Otono
20230913,2023-09-13,13,37,9,Septiembre,Q3,2023,2023-09,Miercoles,No,No,FY2023,Otono
20230914,2023-09-14,14,37,9,Septiembre,Q3,2023,2023-09,Jueves,No,No,FY2023,Otono
20230915,2023-09-15,15,37,9,Septiembre,Q3,2023,2023-09,Viernes,No,No,FY2023,Otono
20230916,2023-09-16,16,37,9,Septiembre,Q3,2023,2023-09,Sabado,Si,Si,FY2023,Otono
20230917,2023-09-17,17,37,9,Septiembre,Q3,2023,2023-09,Domingo,Si,No,FY2023,Otono
20230918,2023-09-18,18,38,9,Septiembre,Q3,2023,2023-09,Lunes,No,No,FY2023,Otono
20230919,2023-09-19,19,38,9,Septiembre,Q3,2023,2023-09,Martes,No,No,FY2023,Otono
20230920,2023-09-20,20,38,9,Septiembre,Q3,2023,2023-09,Miercoles,No,No,FY2023,Otono
20230921,2023-09-21,21,38,9,Septiembre,Q3,2023,2023-09,Jueves,No,No,FY2023,Otono
20230922,2023-09-22,22,38,9,Septiembre,Q3,2023,2023-09,Viernes,No,No,FY2023,Otono
20230923,2023-09-23,23,38,9,Septiembre,Q3,2023,2023-09,Sabado,Si,No,FY2023,Otono
20230924,2023-09-24,24,38,9,Septiembre,Q3,2023,2023-09,Domingo,Si,No,FY2023,Otono
20230925,2023-09-25,25,39,9,Septiembre,Q3,2023,2023-09,Lunes,No,No,FY2023,Otono
20230926,2023-09-26,26,39,9,Septiembre,Q3,2023,2023-09,Martes,No,No,FY2023,Otono
20230927,2023-09-27,27,39,9,Septiembre,Q3,2023,2023-09,Miercoles,No,No,FY2023,Otono
20230928,2023-09-28,28,39,9,Septiembre,Q3,2023,2023-09,Jueves,No,No,FY2023,Otono
20230929,2023-09-29,29,39,9,Septiembre,Q3,2023,2023-09,Viernes,No,No,FY2023,Otono
20230930,2023-09-30,30,39,9,Septiembre,Q3,2023,2023-09,Sabado,Si,No,FY2023,Otono
20231001,2023-10-01,1,39,10,Octubre,Q4,2023,2023-10,Domingo,Si,No,FY2023,Otono
20231002,2023-10-02,2,40,10,Octubre,Q4,2023,2023-10,Lunes,No,No,FY2023,Otono
20231003,2023-10-03,3,40,10,Octubre,Q4,2023,2023-10,Martes,No,No,FY2023,Otono
20231004,2023-10-04,4,40,10,Octubre,Q4,2023,2023-10,Miercoles,No,No,FY2023,Otono
20231005,2023-10-05,5,40,10,Octubre,Q4,2023,2023-10,Jueves,No,No,FY2023,Otono
20231006,2023-10-06,6,40,10,Octubre,Q4,2023,2023-10,Viernes,No,No,FY2023,Otono
20231007,2023-10-07,7,40,10,Octubre,Q4,2023,2023-10,Sabado,Si,No,FY2023,Otono
20231008,2023-10-08,8,40,10,Octubre,Q4,2023,2023-10,Domingo,Si,No,FY2023,Otono
20231009,2023-10-09,9,41,10,Octubre,Q4,2023,2023-10,Lunes,No,No,FY2023,Otono
20231010,2023-10-10,10,41,10,Octubre,Q4,2023,2023-10,Martes,No,No,FY2023,Otono
20231011,2023-10-11,11,41,10,Octubre,Q4,2023,2023-10,Miercoles,No,No,FY2023,Otono
20231012,2023-10-12,12,41,10,Octubre,Q4,2023,2023-10,Jueves,No,No,FY2023,Otono
20231013,2023-10-13,13,41,10,Octubre,Q4,2023,2023-10,Viernes,No,No,FY2023,Otono
20231014,2023-10-14,14,41,10,Octubre,Q4,2023,2023-10,Sabado,Si,No,FY2023,Otono
20231015,2023-10-15,15,41,10,Octubre,Q4,2023,2023-10,Domingo,Si,No,FY2023,Otono
20231016,2023-10-16,16,42,10,Octubre,Q4,2023,2023-10,Lunes,No,No,FY2023,Otono
20231017,2023-10-17,17,42,10,Octubre,Q4,2023,2023-10,Martes,No,No,FY2023,Otono
20231018,2023-10-18,18,42,10,Octubre,Q4,2023,2023-10,Miercoles,No,No,FY2023,Otono
20231019,2023-10-19,19,42,10,Octubre,Q4,2023,2023-10,Jueves,No,No,FY2023,Otono
20231020,2023-10-20,20,42,10,Octubre,Q4,2023,2023-10,Viernes,No,No,FY2023,Otono
20231021,2023-10-21,21,42,10,Octubre,Q4,2023,2023-10,Sabado,Si,No,FY2023,Otono
20231022,2023-10-22,22,42,10,Octubre,Q4,2023,2023-10,Domingo,Si,No,FY2023,Otono
20231023,2023-10-23,23,43,10,Octubre,Q4,2023,2023-10,Lunes,No,No,FY2023,Otono
20231024,2023-10-24,24,43,10,Octubre,Q4,2023,2023-10,Martes,No,No,FY2023,Otono
20231025,2023-10-25,25,43,10,Octubre,Q4,2023,2023-10,Miercoles,No,No,FY2023,Otono
20231026,2023-10-26,26,43,10,Octubre,Q4,2023,2023-10,Jueves,No,No,FY2023,Otono
20231027,2023-10-27,27,43,10,Octubre,Q4,2023,2023-10,Viernes,No,No,FY2023,Otono
20231028,2023-10-28,28,43,10,Octubre,Q4,2023,2023-10,Sabado,Si,No,FY2023,Otono
20231029,2023-10-29,29,43,10,Octubre,Q4,2023,2023-10,Domingo,Si,No,FY2023,Otono
20231030,2023-10-30,30,44,10,Octubre,Q4,2023,2023-10,Lunes,No,No,FY2023,Otono
20231031,2023-10-31,31,44,10,Octubre,Q4,2023,2023-10,Martes,No,No,FY2023,Otono
20231101,2023-11-01,1,44,11,Noviembre,Q4,2023,2023-11,Miercoles,No,No,FY2023,Otono
20231102,2023-11-02,2,44,11,Noviembre,Q4,2023,2023-11,Jueves,No,No,FY2023,Otono
20231103,2023-11-03,3,44,11,Noviembre,Q4,2023,2023-11,Viernes,No,No,FY2023,Otono
20231104,2023-11-04,4,44,11,Noviembre,Q4,2023,2023-11,Sabado,Si,No,FY2023,Otono
20231105,2023-11-05,5,44,11,Noviembre,Q4,2023,2023-11,Domingo,Si,No,FY2023,Otono
20231106,2023-11-06,6,45,11,Noviembre,Q4,2023,2023-11,Lunes,No,No,FY2023,Otono
20231107,2023-11-07,7,45,11,Noviembre,Q4,2023,2023-11,Martes,No,No,FY2023,Otono
20231108,2023-11-08,8,45,11,Noviembre,Q4,2023,2023-11,Miercoles,No,No,FY2023,Otono
20231109,2023-11-09,9,45,11,Noviembre,Q4,2023,2023-11,Jueves,No,No,FY2023,Otono
20231110,2023-11-10,10,45,11,Noviembre,Q4,2023,2023-11,Viernes,No,No,FY2023,Otono
20231111,2023-11-11,11,45,11,Noviembre,Q4,2023,2023-11,Sabado,Si,No,FY2023,Otono
20231112,2023-11-12,12,45,11,Noviembre,Q4,2023,2023-11,Domingo,Si,No,FY2023,Otono
20231113,2023-11-13,13,46,11,Noviembre,Q4,2023,2023-11,Lunes,No,No,FY2023,Otono
20231114,2023-11-14,14,46,11,Noviembre,Q4,2023,2023-11,Martes,No,No,FY2023,Otono
20231115,2023-11-15,15,46,11,Noviembre,Q4,2023,2023-11,Miercoles,No,No,FY2023,Otono
20231116,2023-11-16,16,46,11,Noviembre,Q4,2023,2023-11,Jueves,No,No,FY2023,Otono
20231117,2023-11-17,17,46,11,Noviembre,Q4,2023,2023-11,Viernes,No,No,FY2023,Otono
20231118,2023-11-18,18,46,11,Noviembre,Q4,2023,2023-11,Sabado,Si,No,FY2023,Otono
20231119,2023-11-19,19,46,11,Noviembre,Q4,2023,2023-11,Domingo,Si,No,FY2023,Otono
20231120,2023-11-20,20,47,11,Noviembre,Q4,2023,2023-11,Lunes,No,Si,FY2023,Otono
20231121,2023-11-21,21,47,11,Noviembre,Q4,2023,2023-11,Martes,No,No,FY2023,Otono
20231122,2023-11-22,22,47,11,Noviembre,Q4,2023,2023-11,Miercoles,No,No,FY2023,Otono
20231123,2023-11-23,23,47,11,Noviembre,Q4,2023,2023-11,Jueves,No,No,FY2023,Otono
20231124,2023-11-24,24,47,11,Noviembre,Q4,2023,2023-11,Viernes,No,No,FY2023,Otono
20231125,2023-11-25,25,47,11,Noviembre,Q4,2023,2023-11,Sabado,Si,No,FY2023,Otono
20231126,2023-11-26,26,47,11,Noviembre,Q4,2023,2023-11,Domingo,Si,No,FY2023,Otono
20231127,2023-11-27,27,48,11,Noviembre,Q4,2023,2023-11,Lunes,No,No,FY2023,Otono
20231128,2023-11-28,28,48,11,Noviembre,Q4,2023,2023-11,Martes,No,No,FY2023,Otono
20231129,2023-11-29,29,48,11,Noviembre,Q4,2023,2023-11,Miercoles,No,No,FY2023,Otono
20231130,2023-11-30,30,48,11,Noviembre,Q4,2023,2023-11,Jueves,No,No,FY2023,Otono
20231201,2023-12-01,1,48,12,Diciembre,Q4,2023,2023-12,Viernes,No,No,FY2023,Invierno
20231202,2023-12-02,2,48,12,Diciembre,Q4,2023,2023-12,Sabado,Si,No,FY2023,Invierno
20231203,2023-12-03,3,48,12,Diciembre,Q4,2023,2023-12,Domingo,Si,No,FY2023,Invierno
20231204,2023-12-04,4,49,12,Diciembre,Q4,2023,2023-12,Lunes,No,No,FY2023,Invierno
20231205,2023-12-05,5,49,12,Diciembre,Q4,2023,2023-12,Martes,No,No,FY2023,Invierno
20231206,2023-12-06,6,49,12,Diciembre,Q4,2023,2023-12,Miercoles,No,No,FY2023,Invierno
20231207,2023-12-07,7,49,12,Diciembre,Q4,2023,2023-12,Jueves,No,No,FY2023,Invierno
20231208,2023-12-08,8,49,12,Diciembre,Q4,2023,2023-12,Viernes,No,No,FY2023,Invierno
20231209,2023-12-09,9,49,12,Diciembre,Q4,2023,2023-12,Sabado,Si,No,FY2023,Invierno
20231210,2023-12-10,10,49,12,Diciembre,Q4,2023,2023-12,Domingo,Si,No,FY2023,Invierno
20231211,2023-12-11,11,50,12,Diciembre,Q4,2023,2023-12,Lunes,No,No,FY2023,Invierno
20231212,2023-12-12,12,50,12,Diciembre,Q4,2023,2023-12,Martes,No,No,FY2023,Invierno
20231213,2023-12-13,13,50,12,Diciembre,Q4,2023,2023-12,Miercoles,No,No,FY2023,Invierno
20231214,2023-12-14,14,50,12,Diciembre,Q4,2023,2023-12,Jueves,No,No,FY2023,Invierno
20231215,2023-12-15,15,50,12,Diciembre,Q4,2023,2023-12,Viernes,No,No,FY2023,Invierno
20231216,2023-12-16,16,50,12,Diciembre,Q4,2023,2023-12,Sabado,Si,No,FY2023,Invierno
20231217,2023-12-17,17,50,12,Diciembre,Q4,2023,2023-12,Domingo,Si,No,FY2023,Invierno
20231218,2023-12-18,18,51,12,Diciembre,Q4,2023,2023-12,Lunes,No,No,FY2023,Invierno
20231219,2023-12-19,19,51,12,Diciembre,Q4,2023,2023-12,Martes,No,No,FY2023,Invierno
20231220,2023-12-20,20,51,12,Diciembre,Q4,2023,2023-12,Miercoles,No,No,FY2023,Invierno
20231221,2023-12-21,21,51,12,Diciembre,Q4,2023,2023-12,Jueves,No,No,FY2023,Invierno
20231222,2023-12-22,22,51,12,Diciembre,Q4,2023,2023-12,Viernes,No,No,FY2023,Invierno
20231223,2023-12-23,23,51,12,Diciembre,Q4,2023,2023-12,Sabado,Si,No,FY2023,Invierno
20231224,2023-12-24,24,51,12,Diciembre,Q4,2023,2023-12,Domingo,Si,No,FY2023,Invierno
20231225,2023-12-25,25,52,12,Diciembre,Q4,2023,2023-12,Lunes,No,Si,FY2023,Invierno
20231226,2023-12-26,26,52,12,Diciembre,Q4,2023,2023-12,Martes,No,No,FY2023,Invierno
20231227,2023-12-27,27,52,12,Diciembre,Q4,2023,2023-12,Miercoles,No,No,FY2023,Invierno
20231228,2023-12-28,28,52,12,Diciembre,Q4,2023,2023-12,Jueves,No,No,FY2023,Invierno
20231229,2023-12-29,29,52,12,Diciembre,Q4,2023,2023-12,Viernes,No,No,FY2023,Invierno
20231230,2023-12-30,30,52,12,Diciembre,Q4,2023,2023-12,Sabado,Si,No,FY2023,Invierno
20231231,2023-12-31,31,52,12,Diciembre,Q4,2023,2023-12,Domingo,Si,No,FY2023,Invierno
20240101,2024-01-01,1,1,1,Enero,Q1,2024,2024-01,Lunes,No,Si,FY2024,Invierno
20240102,2024-01-02,2,1,1,Enero,Q1,2024,2024-01,Martes,No,No,FY2024,Invierno
20240103,2024-01-03,3,1,1,Enero,Q1,2024,2024-01,Miercoles,No,No,FY2024,Invierno
20240104,2024-01-04,4,1,1,Enero,Q1,2024,2024-01,Jueves,No,No,FY2024,Invierno
20240105,2024-01-05,5,1,1,Enero,Q1,2024,2024-01,Viernes,No,No,FY2024,Invierno
20240106,2024-01-06,6,1,1,Enero,Q1,2024,2024-01,Sabado,Si,No,FY2024,Invierno
20240107,2024-01-07,7,1,1,Enero,Q1,2024,2024-01,Domingo,Si,No,FY2024,Invierno
20240108,2024-01-08,8,2,1,Enero,Q1,2024,2024-01,Lunes,No,No,FY2024,Invierno
20240109,2024-01-09,9,2,1,Enero,Q1,2024,2024-01,Martes,No,No,FY2024,Invierno
20240110,2024-01-10,10,2,1,Enero,Q1,2024,2024-01,Miercoles,No,No,FY2024,Invierno
20240111,2024-01-11,11,2,1,Enero,Q1,2024,2024-01,Jueves,No,No,FY2024,Invierno
20240112,2024-01-12,12,2,1,Enero,Q1,2024,2024-01,Viernes,No,No,FY2024,Invierno
20240113,2024-01-13,13,2,1,Enero,Q1,2024,2024-01,Sabado,Si,No,FY2024,Invierno
20240114,2024-01-14,14,2,1,Enero,Q1,2024,2024-01,Domingo,Si,No,FY2024,Invierno
20240115,2024-01-15,15,3,1,Enero,Q1,2024,2024-01,Lunes,No,No,FY2024,Invierno
20240116,2024-01-16,16,3,1,Enero,Q1,2024,2024-01,Martes,No,No,FY2024,Invierno
20240117,2024-01-17,17,3,1,Enero,Q1,2024,2024-01,Miercoles,No,No,FY2024,Invierno
20240118,2024-01-18,18,3,1,Enero,Q1,2024,2024-01,Jueves,No,No,FY2024,Invierno
20240119,2024-01-19,19,3,1,Enero,Q1,2024,2024-01,Viernes,No,No,FY2024,Invierno
20240120,2024-01-20,20,3,1,Enero,Q1,2024,2024-01,Sabado,Si,No,FY2024,Invierno
20240121,2024-01-21,21,3,1,Enero,Q1,2024,2024-01,Domingo,Si,No,FY2024,Invierno
20240122,2024-01-22,22,4,1,Enero,Q1,2024,2024-01,Lunes,No,No,FY2024,Invierno
20240123,2024-01-23,23,4,1,Enero,Q1,2024,2024-01,Martes,No,No,FY2024,Invierno
20240124,2024-01-24,24,4,1,Enero,Q1,2024,2024-01,Miercoles,No,No,FY2024,Invierno
20240125,2024-01-25,25,4,1,Enero,Q1,2024,2024-01,Jueves,No,No,FY2024,Invierno
20240126,2024-01-26,26,4,1,Enero,Q1,2024,2024-01,Viernes,No,No,FY2024,Invierno
20240127,2024-01-27,27,4,1,Enero,Q1,2024,2024-01,Sabado,Si,No,FY2024,Invierno
20240128,2024-01-28,28,4,1,Enero,Q1,2024,2024-01,Domingo,Si,No,FY2024,Invierno
20240129,2024-01-29,29,5,1,Enero,Q1,2024,2024-01,Lunes,No,No,FY2024,Invierno
20240130,2024-01-30,30,5,1,Enero,Q1,2024,2024-01,Martes,No,No,FY2024,Invierno
20240131,2024-01-31,31,5,1,Enero,Q1,2024,2024-01,Miercoles,No,No,FY2024,Invierno
20240201,2024-02-01,1,5,2,Febrero,Q1,2024,2024-02,Jueves,No,No,FY2024,Invierno
20240202,2024-02-02,2,5,2,Febrero,Q1,2024,2024-02,Viernes,No,No,FY2024,Invierno
20240203,2024-02-03,3,5,2,Febrero,Q1,2024,2024-02,Sabado,Si,No,FY2024,Invierno
20240204,2024-02-04,4,5,2,Febrero,Q1,2024,2024-02,Domingo,Si,No,FY2024,Invierno
20240205,2024-02-05,5,6,2,Febrero,Q1,2024,2024-02,Lunes,No,No,FY2024,Invierno
20240206,2024-02-06,6,6,2,Febrero,Q1,2024,2024-02,Martes,No,No,FY2024,Invierno
20240207,2024-02-07,7,6,2,Febrero,Q1,2024,2024-02,Miercoles,No,No,FY2024,Invierno
20240208,2024-02-08,8,6,2,Febrero,Q1,2024,2024-02,Jueves,No,No,FY2024,Invierno
20240209,2024-02-09,9,6,2,Febrero,Q1,2024,2024-02,Viernes,No,No,FY2024,Invierno
20240210,2024-02-10,10,6,2,Febrero,Q1,2024,2024-02,Sabado,Si,No,FY2024,Invierno
20240211,2024-02-11,11,6,2,Febrero,Q1,2024,2024-02,Domingo,Si,No,FY2024,Invierno
20240212,2024-02-12,12,7,2,Febrero,Q1,2024,2024-02,Lunes,No,No,FY2024,Invierno
20240213,2024-02-13,13,7,2,Febrero,Q1,2024,2024-02,Martes,No,No,FY2024,Invierno
20240214,2024-02-14,14,7,2,Febrero,Q1,2024,2024-02,Miercoles,No,No,FY2024,Invierno
20240215,2024-02-15,15,7,2,Febrero,Q1,2024,2024-02,Jueves,No,No,FY2024,Invierno
20240216,2024-02-16,16,7,2,Febrero,Q1,2024,2024-02,Viernes,No,No,FY2024,Invierno
20240217,2024-02-17,17,7,2,Febrero,Q1,2024,2024-02,Sabado,Si,No,FY2024,Invierno
20240218,2024-02-18,18,7,2,Febrero,Q1,2024,2024-02,Domingo,Si,No,FY2024,Invierno
20240219,2024-02-19,19,8,2,Febrero,Q1,2024,2024-02,Lunes,No,No,FY2024,Invierno
20240220,2024-02-20,20,8,2,Febrero,Q1,2024,2024-02,Martes,No,No,FY2024,Invierno
20240221,2024-02-21,21,8,2,Febrero,Q1,2024,2024-02,Miercoles,No,No,FY2024,Invierno
20240222,2024-02-22,22,8,2,Febrero,Q1,2024,2024-02,Jueves,No,No,FY2024,Invierno
20240223,2024-02-23,23,8,2,Febrero,Q1,2024,2024-02,Viernes,No,No,FY2024,Invierno
20240224,2024-02-24,24,8,2,Febrero,Q1,2024,2024-02,Sabado,Si,No,FY2024,Invierno
20240225,2024-02-25,25,8,2,Febrero,Q1,2024,2024-02,Domingo,Si,No,FY2024,Invierno
20240226,2024-02-26,26,9,2,Febrero,Q1,2024,2024-02,Lunes,No,No,FY2024,Invierno
20240227,2024-02-27,27,9,2,Febrero,Q1,2024,2024-02,Martes,No,No,FY2024,Invierno
20240228,2024-02-28,28,9,2,Febrero,Q1,2024,2024-02,Miercoles,No,No,FY2024,Invierno
20240229,2024-02-29,29,9,2,Febrero,Q1,2024,2024-02,Jueves,No,No,FY2024,Invierno
20240301,2024-03-01,1,9,3,Marzo,Q1,2024,2024-03,Viernes,No,No,FY2024,Primavera
20240302,2024-03-02,2,9,3,Marzo,Q1,2024,2024-03,Sabado,Si,No,FY2024,Primavera
20240303,2024-03-03,3,9,3,Marzo,Q1,2024,2024-03,Domingo,Si,No,FY2024,Primavera
20240304,2024-03-04,4,10,3,Marzo,Q1,2024,2024-03,Lunes,No,No,FY2024,Primavera
20240305,2024-03-05,5,10,3,Marzo,Q1,2024,2024-03,Martes,No,No,FY2024,Primavera
20240306,2024-03-06,6,10,3,Marzo,Q1,2024,2024-03,Miercoles,No,No,FY2024,Primavera
20240307,2024-03-07,7,10,3,Marzo,Q1,2024,2024-03,Jueves,No,No,FY2024,Primavera
20240308,2024-03-08,8,10,3,Marzo,Q1,2024,2024-03,Viernes,No,No,FY2024,Primavera
20240309,2024-03-09,9,10,3,Marzo,Q1,2024,2024-03,Sabado,Si,No,FY2024,Primavera
20240310,2024-03-10,10,10,3,Marzo,Q1,2024,2024-03,Domingo,Si,No,FY2024,Primavera
20240311,2024-03-11,11,11,3,Marzo,Q1,2024,2024-03,Lunes,No,No,FY2024,Primavera
20240312,2024-03-12,12,11,3,Marzo,Q1,2024,2024-03,Martes,No,No,FY2024,Primavera
20240313,2024-03-13,13,11,3,Marzo,Q1,2024,2024-03,Miercoles,No,No,FY2024,Primavera
20240314,2024-03-14,14,11,3,Marzo,Q1,2024,2024-03,Jueves,No,No,FY2024,Primavera
20240315,2024-03-15,15,11,3,Marzo,Q1,2024,2024-03,Viernes,No,No,FY2024,Primavera
20240316,2024-03-16,16,11,3,Marzo,Q1,2024,2024-03,Sabado,Si,No,FY2024,Primavera
20240317,2024-03-17,17,11,3,Marzo,Q1,2024,2024-03,Domingo,Si,No,FY2024,Primavera
20240318,2024-03-18,18,12,3,Marzo,Q1,2024,2024-03,Lunes,No,Si,FY2024,Primavera
20240319,2024-03-19,19,12,3,Marzo,Q1,2024,2024-03,Martes,No,No,FY2024,Primavera
20240320,2024-03-20,20,12,3,Marzo,Q1,2024,2024-03,Miercoles,No,No,FY2024,Primavera
20240321,2024-03-21,21,12,3,Marzo,Q1,2024,2024-03,Jueves,No,No,FY2024,Primavera
20240322,2024-03-22,22,12,3,Marzo,Q1,2024,2024-03,Viernes,No,No,FY2024,Primavera
20240323,2024-03-23,23,12,3,Marzo,Q1,2024,2024-03,Sabado,Si,No,FY2024,Primavera
20240324,2024-03-24,24,12,3,Marzo,Q1,2024,2024-03,Domingo,Si,No,FY2024,Primavera
20240325,2024-03-25,25,13,3,Marzo,Q1,2024,2024-03,Lunes,No,No,FY2024,Primavera
20240326,2024-03-26,26,13,3,Marzo,Q1,2024,2024-03,Martes,No,No,FY2024,Primavera
20240327,2024-03-27,27,13,3,Marzo,Q1,2024,2024-03,Miercoles,No,No,FY2024,Primavera
20240328,2024-03-28,28,13,3,Marzo,Q1,2024,2024-03,Jueves,No,No,FY2024,Primavera
20240329,2024-03-29,29,13,3,Marzo,Q1,2024,2024-03,Viernes,No,No,FY2024,Primavera
20240330,2024-03-30,30,13,3,Marzo,Q1,2024,2024-03,Sabado,Si,No,FY2024,Primavera
20240331,2024-03-31,31,13,3,Marzo,Q1,2024,2024-03,Domingo,Si,No,FY2024,Primavera
20240401,2024-04-01,1,14,4,Abril,Q2,2024,2024-04,Lunes,No,No,FY2024,Primavera
20240402,2024-04-02,2,14,4,Abril,Q2,2024,2024-04,Martes,No,No,FY2024,Primavera
20240403,2024-04-03,3,14,4,Abril,Q2,2024,2024-04,Miercoles,No,No,FY2024,Primavera
20240404,2024-04-04,4,14,4,Abril,Q2,2024,2024-04,Jueves,No,No,FY2024,Primavera
20240405,2024-04-05,5,14,4,Abril,Q2,2024,2024-04,Viernes,No,No,FY2024,Primavera
20240406,2024-04-06,6,14,4,Abril,Q2,2024,2024-04,Sabado,Si,No,FY2024,Primavera
20240407,2024-04-07,7,14,4,Abril,Q2,2024,2024-04,Domingo,Si,No,FY2024,Primavera
20240408,2024-04-08,8,15,4,Abril,Q2,2024,2024-04,Lunes,No,No,FY2024,Primavera
20240409,2024-04-09,9,15,4,Abril,Q2,2024,2024-04,Martes,No,No,FY2024,Primavera
20240410,2024-04-10,10,15,4,Abril,Q2,2024,2024-04,Miercoles,No,No,FY2024,Primavera
20240411,2024-04-11,11,15,4,Abril,Q2,2024,2024-04,Jueves,No,No,FY2024,Primavera
20240412,2024-04-12,12,15,4,Abril,Q2,2024,2024-04,Viernes,No,No,FY2024,Primavera
20240413,2024-04-13,13,15,4,Abril,Q2,2024,2024-04,Sabado,Si,No,FY2024,Primavera
20240414,2024-04-14,14,15,4,Abril,Q2,2024,2024-04,Domingo,Si,No,FY2024,Primavera
20240415,2024-04-15,15,16,4,Abril,Q2,2024,2024-04,Lunes,No,No,FY2024,Primavera
20240416,2024-04-16,16,16,4,Abril,Q2,2024,2024-04,Martes,No,No,FY2024,Primavera
20240417,2024-04-17,17,16,4,Abril,Q2,2024,2024-04,Miercoles,No,No,FY2024,Primavera
20240418,2024-04-18,18,16,4,Abril,Q2,2024,2024-04,Jueves,No,No,FY2024,Primavera
20240419,2024-04-19,19,16,4,Abril,Q2,2024,2024-04,Viernes,No,No,FY2024,Primavera
20240420,2024-04-20,20,16,4,Abril,Q2,2024,2024-04,Sabado,Si,No,FY2024,Primavera
20240421,2024-04-21,21,16,4,Abril,Q2,2024,2024-04,Domingo,Si,No,FY2024,Primavera
20240422,2024-04-22,22,17,4,Abril,Q2,2024,2024-04,Lunes,No,No,FY2024,Primavera
20240423,2024-04-23,23,17,4,Abril,Q2,2024,2024-04,Martes,No,No,FY2024,Primavera
20240424,2024-04-24,24,17,4,Abril,Q2,2024,2024-04,Miercoles,No,No,FY2024,Primavera
20240425,2024-04-25,25,17,4,Abril,Q2,2024,2024-04,Jueves,No,No,FY2024,Primavera
20240426,2024-04-26,26,17,4,Abril,Q2,2024,2024-04,Viernes,No,No,FY2024,Primavera
20240427,2024-04-27,27,17,4,Abril,Q2,2024,2024-04,Sabado,Si,No,FY2024,Primavera
20240428,2024-04-28,28,17,4,Abril,Q2,2024,2024-04,Domingo,Si,No,FY2024,Primavera
20240429,2024-04-29,29,18,4,Abril,Q2,2024,2024-04,Lunes,No,No,FY2024,Primavera
20240430,2024-04-30,30,18,4,Abril,Q2,2024,2024-04,Martes,No,No,FY2024,Primavera
20240501,2024-05-01,1,18,5,Mayo,Q2,2024,2024-05,Miercoles,No,Si,FY2024,Primavera
20240502,2024-05-02,2,18,5,Mayo,Q2,2024,2024-05,Jueves,No,No,FY2024,Primavera
20240503,2024-05-03,3,18,5,Mayo,Q2,2024,2024-05,Viernes,No,No,FY2024,Primavera
20240504,2024-05-04,4,18,5,Mayo,Q2,2024,2024-05,Sabado,Si,No,FY2024,Primavera
20240505,2024-05-05,5,18,5,Mayo,Q2,2024,2024-05,Domingo,Si,No,FY2024,Primavera
20240506,2024-05-06,6,19,5,Mayo,Q2,2024,2024-05,Lunes,No,No,FY2024,Primavera
20240507,2024-05-07,7,19,5,Mayo,Q2,2024,2024-05,Martes,No,No,FY2024,Primavera
20240508,2024-05-08,8,19,5,Mayo,Q2,2024,2024-05,Miercoles,No,No,FY2024,Primavera
20240509,2024-05-09,9,19,5,Mayo,Q2,2024,2024-05,Jueves,No,No,FY2024,Primavera
20240510,2024-05-10,10,19,5,Mayo,Q2,2024,2024-05,Viernes,No,No,FY2024,Primavera
20240511,2024-05-11,11,19,5,Mayo,Q2,2024,2024-05,Sabado,Si,No,FY2024,Primavera
20240512,2024-05-12,12,19,5,Mayo,Q2,2024,2024-05,Domingo,Si,No,FY2024,Primavera
20240513,2024-05-13,13,20,5,Mayo,Q2,2024,2024-05,Lunes,No,No,FY2024,Primavera
20240514,2024-05-14,14,20,5,Mayo,Q2,2024,2024-05,Martes,No,No,FY2024,Primavera
20240515,2024-05-15,15,20,5,Mayo,Q2,2024,2024-05,Miercoles,No,No,FY2024,Primavera
20240516,2024-05-16,16,20,5,Mayo,Q2,2024,2024-05,Jueves,No,No,FY2024,Primavera
20240517,2024-05-17,17,20,5,Mayo,Q2,2024,2024-05,Viernes,No,No,FY2024,Primavera
20240518,2024-05-18,18,20,5,Mayo,Q2,2024,2024-05,Sabado,Si,No,FY2024,Primavera
20240519,2024-05-19,19,20,5,Mayo,Q2,2024,2024-05,Domingo,Si,No,FY2024,Primavera
20240520,2024-05-20,20,21,5,Mayo,Q2,2024,2024-05,Lunes,No,No,FY2024,Primavera
20240521,2024-05-21,21,21,5,Mayo,Q2,2024,2024-05,Martes,No,No,FY2024,Primavera
20240522,2024-05-22,22,21,5,Mayo,Q2,2024,2024-05,Miercoles,No,No,FY2024,Primavera
20240523,2024-05-23,23,21,5,Mayo,Q2,2024,2024-05,Jueves,No,No,FY2024,Primavera
20240524,2024-05-24,24,21,5,Mayo,Q2,2024,2024-05,Viernes,No,No,FY2024,Primavera
20240525,2024-05-25,25,21,5,Mayo,Q2,2024,2024-05,Sabado,Si,No,FY2024,Primavera
20240526,2024-05-26,26,21,5,Mayo,Q2,2024,2024-05,Domingo,Si,No,FY2024,Primavera
20240527,2024-05-27,27,22,5,Mayo,Q2,2024,2024-05,Lunes,No,No,FY2024,Primavera
20240528,2024-05-28,28,22,5,Mayo,Q2,2024,2024-05,Martes,No,No,FY2024,Primavera
20240529,2024-05-29,29,22,5,Mayo,Q2,2024,2024-05,Miercoles,No,No,FY2024,Primavera
20240530,2024-05-30,30,22,5,Mayo,Q2,2024,2024-05,Jueves,No,No,FY2024,Primavera
20240531,2024-05-31,31,22,5,Mayo,Q2,2024,2024-05,Viernes,No,No,FY2024,Primavera
20240601,2024-06-01,1,22,6,Junio,Q2,2024,2024-06,Sabado,Si,No,FY2024,Verano
20240602,2024-06-02,2,22,6,Junio,Q2,2024,2024-06,Domingo,Si,No,FY2024,Verano
20240603,2024-06-03,3,23,6,Junio,Q2,2024,2024-06,Lunes,No,No,FY2024,Verano
20240604,2024-06-04,4,23,6,Junio,Q2,2024,2024-06,Martes,No,No,FY2024,Verano
20240605,2024-06-05,5,23,6,Junio,Q2,2024,2024-06,Miercoles,No,No,FY2024,Verano
20240606,2024-06-06,6,23,6,Junio,Q2,2024,2024-06,Jueves,No,No,FY2024,Verano
20240607,2024-06-07,7,23,6,Junio,Q2,2024,2024-06,Viernes,No,No,FY2024,Verano
20240608,2024-06-08,8,23,6,Junio,Q2,2024,2024-06,Sabado,Si,No,FY2024,Verano
20240609,2024-06-09,9,23,6,Junio,Q2,2024,2024-06,Domingo,Si,No,FY2024,Verano
20240610,2024-06-10,10,24,6,Junio,Q2,2024,2024-06,Lunes,No,No,FY2024,Verano
20240611,2024-06-11,11,24,6,Junio,Q2,2024,2024-06,Martes,No,No,FY2024,Verano
20240612,2024-06-12,12,24,6,Junio,Q2,2024,2024-06,Miercoles,No,No,FY2024,Verano
20240613,2024-06-13,13,24,6,Junio,Q2,2024,2024-06,Jueves,No,No,FY2024,Verano
20240614,2024-06-14,14,24,6,Junio,Q2,2024,2024-06,Viernes,No,No,FY2024,Verano
20240615,2024-06-15,15,24,6,Junio,Q2,2024,2024-06,Sabado,Si,No,FY2024,Verano
20240616,2024-06-16,16,24,6,Junio,Q2,2024,2024-06,Domingo,Si,No,FY2024,Verano
20240617,2024-06-17,17,25,6,Junio,Q2,2024,2024-06,Lunes,No,No,FY2024,Verano
20240618,2024-06-18,18,25,6,Junio,Q2,2024,2024-06,Martes,No,No,FY2024,Verano
20240619,2024-06-19,19,25,6,Junio,Q2,2024,2024-06,Miercoles,No,No,FY2024,Verano
20240620,2024-06-20,20,25,6,Junio,Q2,2024,2024-06,Jueves,No,No,FY2024,Verano
20240621,2024-06-21,21,25,6,Junio,Q2,2024,2024-06,Viernes,No,No,FY2024,Verano
20240622,2024-06-22,22,25,6,Junio,Q2,2024,2024-06,Sabado,Si,No,FY2024,Verano
20240623,2024-06-23,23,25,6,Junio,Q2,2024,2024-06,Domingo,Si,No,FY2024,Verano
20240624,2024-06-24,24,26,6,Junio,Q2,2024,2024-06,Lunes,No,No,FY2024,Verano
20240625,2024-06-25,25,26,6,Junio,Q2,2024,2024-06,Martes,No,No,FY2024,Verano
20240626,2024-06-26,26,26,6,Junio,Q2,2024,2024-06,Miercoles,No,No,FY2024,Verano
20240627,2024-06-27,27,26,6,Junio,Q2,2024,2024-06,Jueves,No,No,FY2024,Verano
20240628,2024-06-28,28,26,6,Junio,Q2,2024,2024-06,Viernes,No,No,FY2024,Verano
20240629,2024-06-29,29,26,6,Junio,Q2,2024,2024-06,Sabado,Si,No,FY2024,Verano
20240630,2024-06-30,30,26,6,Junio,Q2,2024,2024-06,Domingo,Si,No,FY2024,Verano
20240701,2024-07-01,1,27,7,Julio,Q3,2024,2024-07,Lunes,No,No,FY2024,Verano
20240702,2024-07-02,2,27,7,Julio,Q3,2024,2024-07,Martes,No,No,FY2024,Verano
20240703,2024-07-03,3,27,7,Julio,Q3,2024,2024-07,Miercoles,No,No,FY2024,Verano
20240704,2024-07-04,4,27,7,Julio,Q3,2024,2024-07,Jueves,No,No,FY2024,Verano
20240705,2024-07-05,5,27,7,Julio,Q3,2024,2024-07,Viernes,No,No,FY2024,Verano
20240706,2024-07-06,6,27,7,Julio,Q3,2024,2024-07,Sabado,Si,No,FY2024,Verano
20240707,2024-07-07,7,27,7,Julio,Q3,2024,2024-07,Domingo,Si,No,FY2024,Verano
20240708,2024-07-08,8,28,7,Julio,Q3,2024,2024-07,Lunes,No,No,FY2024,Verano
20240709,2024-07-09,9,28,7,Julio,Q3,2024,2024-07,Martes,No,No,FY2024,Verano
20240710,2024-07-10,10,28,7,Julio,Q3,2024,2024-07,Miercoles,No,No,FY2024,Verano
20240711,2024-07-11,11,28,7,Julio,Q3,2024,2024-07,Jueves,No,No,FY2024,Verano
20240712,2024-07-12,12,28,7,Julio,Q3,2024,2024-07,Viernes,No,No,FY2024,Verano
20240713,2024-07-13,13,28,7,Julio,Q3,2024,2024-07,Sabado,Si,No,FY2024,Verano
20240714,2024-07-14,14,28,7,Julio,Q3,2024,2024-07,Domingo,Si,No,FY2024,Verano
20240715,2024-07-15,15,29,7,Julio,Q3,2024,2024-07,Lunes,No,No,FY2024,Verano
20240716,2024-07-16,16,29,7,Julio,Q3,2024,2024-07,Martes,No,No,FY2024,Verano
20240717,2024-07-17,17,29,7,Julio,Q3,2024,2024-07,Miercoles,No,No,FY2024,Verano
20240718,2024-07-18,18,29,7,Julio,Q3,2024,2024-07,Jueves,No,No,FY2024,Verano
20240719,2024-07-19,19,29,7,Julio,Q3,2024,2024-07,Viernes,No,No,FY2024,Verano
20240720,2024-07-20,20,29,7,Julio,Q3,2024,2024-07,Sabado,Si,No,FY2024,Verano
20240721,2024-07-21,21,29,7,Julio,Q3,2024,2024-07,Domingo,Si,No,FY2024,Verano
20240722,2024-07-22,22,30,7,Julio,Q3,2024,2024-07,Lunes,No,No,FY2024,Verano
20240723,2024-07-23,23,30,7,Julio,Q3,2024,2024-07,Martes,No,No,FY2024,Verano
20240724,2024-07-24,24,30,7,Julio,Q3,2024,2024-07,Miercoles,No,No,FY2024,Verano
20240725,2024-07-25,25,30,7,Julio,Q3,2024,2024-07,Jueves,No,No,FY2024,Verano
20240726,2024-07-26,26,30,7,Julio,Q3,2024,2024-07,Viernes,No,No,FY2024,Verano
20240727,2024-07-27,27,30,7,Julio,Q3,2024,2024-07,Sabado,Si,No,FY2024,Verano
20240728,2024-07-28,28,30,7,Julio,Q3,2024,2024-07,Domingo,Si,No,FY2024,Verano
20240729,2024-07-29,29,31,7,Julio,Q3,2024,2024-07,Lunes,No,No,FY2024,Verano
20240730,2024-07-30,30,31,7,Julio,Q3,2024,2024-07,Martes,No,No,FY2024,Verano
20240731,2024-07-31,31,31,7,Julio,Q3,2024,2024-07,Miercoles,No,No,FY2024,Verano
20240801,2024-08-01,1,31,8,Agosto,Q3,2024,2024-08,Jueves,No,No,FY2024,Verano
20240802,2024-08-02,2,31,8,Agosto,Q3,2024,2024-08,Viernes,No,No,FY2024,Verano
20240803,2024-08-03,3,31,8,Agosto,Q3,2024,2024-08,Sabado,Si,No,FY2024,Verano
20240804,2024-08-04,4,31,8,Agosto,Q3,2024,2024-08,Domingo,Si,No,FY2024,Verano
20240805,2024-08-05,5,32,8,Agosto,Q3,2024,2024-08,Lunes,No,No,FY2024,Verano
20240806,2024-08-06,6,32,8,Agosto,Q3,2024,2024-08,Martes,No,No,FY2024,Verano
20240807,2024-08-07,7,32,8,Agosto,Q3,2024,2024-08,Miercoles,No,No,FY2024,Verano
20240808,2024-08-08,8,32,8,Agosto,Q3,2024,2024-08,Jueves,No,No,FY2024,Verano
20240809,2024-08-09,9,32,8,Agosto,Q3,2024,2024-08,Viernes,No,No,FY2024,Verano
20240810,2024-08-10,10,32,8,Agosto,Q3,2024,2024-08,Sabado,Si,No,FY2024,Verano
20240811,2024-08-11,11,32,8,Agosto,Q3,2024,2024-08,Domingo,Si,No,FY2024,Verano
20240812,2024-08-12,12,33,8,Agosto,Q3,2024,2024-08,Lunes,No,No,FY2024,Verano
20240813,2024-08-13,13,33,8,Agosto,Q3,2024,2024-08,Martes,No,No,FY2024,Verano
20240814,2024-08-14,14,33,8,Agosto,Q3,2024,2024-08,Miercoles,No,No,FY2024,Verano
20240815,2024-08-15,15,33,8,Agosto,Q3,2024,2024-08,Jueves,No,No,FY2024,Verano
20240816,2024-08-16,16,33,8,Agosto,Q3,2024,2024-08,Viernes,No,No,FY2024,Verano
20240817,2024-08-17,17,33,8,Agosto,Q3,2024,2024-08,Sabado,Si,No,FY2024,Verano
20240818,2024-08-18,18,33,8,Agosto,Q3,2024,2024-08,Domingo,Si,No,FY2024,Verano
20240819,2024-08-19,19,34,8,Agosto,Q3,2024,2024-08,Lunes,No,No,FY2024,Verano
20240820,2024-08-20,20,34,8,Agosto,Q3,2024,2024-08,Martes,No,No,FY2024,Verano
20240821,2024-08-21,21,34,8,Agosto,Q3,2024,2024-08,Miercoles,No,No,FY2024,Verano
20240822,2024-08-22,22,34,8,Agosto,Q3,2024,2024-08,Jueves,No,No,FY2024,Verano
20240823,2024-08-23,23,34,8,Agosto,Q3,2024,2024-08,Viernes,No,No,FY2024,Verano
20240824,2024-08-24,24,34,8,Agosto,Q3,2024,2024-08,Sabado,Si,No,FY2024,Verano
20240825,2024-08-25,25,34,8,Agosto,Q3,2024,2024-08,Domingo,Si,No,FY2024,Verano
20240826,2024-08-26,26,35,8,Agosto,Q3,2024,2024-08,Lunes,No,No,FY2024,Verano
20240827,2024-08-27,27,35,8,Agosto,Q3,2024,2024-08,Martes,No,No,FY2024,Verano
20240828,2024-08-28,28,35,8,Agosto,Q3,2024,2024-08,Miercoles,No,No,FY2024,Verano
20240829,2024-08-29,29,35,8,Agosto,Q3,2024,2024-08,Jueves,No,No,FY2024,Verano
20240830,2024-08-30,30,35,8,Agosto,Q3,2024,2024-08,Viernes,No,No,FY2024,Verano
20240831,2024-08-31,31,35,8,Agosto,Q3,2024,2024-08,Sabado,Si,No,FY2024,Verano
20240901,2024-09-01,1,35,9,Septiembre,Q3,2024,2024-09,Domingo,Si,No,FY2024,Otono
20240902,2024-09-02,2,36,9,Septiembre,Q3,2024,2024-09,Lunes,No,No,FY2024,Otono
20240903,2024-09-03,3,36,9,Septiembre,Q3,2024,2024-09,Martes,No,No,FY2024,Otono
20240904,2024-09-04,4,36,9,Septiembre,Q3,2024,2024-09,Miercoles,No,No,FY2024,Otono
20240905,2024-09-05,5,36,9,Septiembre,Q3,2024,2024-09,Jueves,No,No,FY2024,Otono
20240906,2024-09-06,6,36,9,Septiembre,Q3,2024,2024-09,Viernes,No,No,FY2024,Otono
20240907,2024-09-07,7,36,9,Septiembre,Q3,2024,2024-09,Sabado,Si,No,FY2024,Otono
20240908,2024-09-08,8,36,9,Septiembre,Q3,2024,2024-09,Domingo,Si,No,FY2024,Otono
20240909,2024-09-09,9,37,9,Septiembre,Q3,2024,2024-09,Lunes,No,No,FY2024,Otono
20240910,2024-09-10,10,37,9,Septiembre,Q3,2024,2024-09,Martes,No,No,FY2024,Otono
20240911,2024-09-11,11,37,9,Septiembre,Q3,2024,2024-09,Miercoles,No,No,FY2024,Otono
20240912,2024-09-12,12,37,9,Septiembre,Q3,2024,2024-09,Jueves,No,No,FY2024,Otono
20240913,2024-09-13,13,37,9,Septiembre,Q3,2024,2024-09,Viernes,No,No,FY2024,Otono
20240914,2024-09-14,14,37,9,Septiembre,Q3,2024,2024-09,Sabado,Si,No,FY2024,Otono
20240915,2024-09-15,15,37,9,Septiembre,Q3,2024,2024-09,Domingo,Si,No,FY2024,Otono
20240916,2024-09-16,16,38,9,Septiembre,Q3,2024,2024-09,Lunes,No,Si,FY2024,Otono
20240917,2024-09-17,17,38,9,Septiembre,Q3,2024,2024-09,Martes,No,No,FY2024,Otono
20240918,2024-09-18,18,38,9,Septiembre,Q3,2024,2024-09,Miercoles,No,No,FY2024,Otono
20240919,2024-09-19,19,38,9,Septiembre,Q3,2024,2024-09,Jueves,No,No,FY2024,Otono
20240920,2024-09-20,20,38,9,Septiembre,Q3,2024,2024-09,Viernes,No,No,FY2024,Otono
20240921,2024-09-21,21,38,9,Septiembre,Q3,2024,2024-09,Sabado,Si,No,FY2024,Otono
20240922,2024-09-22,22,38,9,Septiembre,Q3,2024,2024-09,Domingo,Si,No,FY2024,Otono
20240923,2024-09-23,23,39,9,Septiembre,Q3,2024,2024-09,Lunes,No,No,FY2024,Otono
20240924,2024-09-24,24,39,9,Septiembre,Q3,2024,2024-09,Martes,No,No,FY2024,Otono
20240925,2024-09-25,25,39,9,Septiembre,Q3,2024,2024-09,Miercoles,No,No,FY2024,Otono
20240926,2024-09-26,26,39,9,Septiembre,Q3,2024,2024-09,Jueves,No,No,FY2024,Otono
20240927,2024-09-27,27,39,9,Septiembre,Q3,2024,2024-09,Viernes,No,No,FY2024,Otono
20240928,2024-09-28,28,39,9,Septiembre,Q3,2024,2024-09,Sabado,Si,No,FY2024,Otono
20240929,2024-09-29,29,39,9,Septiembre,Q3,2024,2024-09,Domingo,Si,No,FY2024,Otono
20240930,2024-09-30,30,40,9,Septiembre,Q3,2024,2024-09,Lunes,No,No,FY2024,Otono
20241001,2024-10-01,1,40,10,Octubre,Q4,2024,2024-10,Martes,No,No,FY2024,Otono
20241002,2024-10-02,2,40,10,Octubre,Q4,2024,2024-10,Miercoles,No,No,FY2024,Otono
20241003,2024-10-03,3,40,10,Octubre,Q4,2024,2024-10,Jueves,No,No,FY2024,Otono
20241004,2024-10-04,4,40,10,Octubre,Q4,2024,2024-10,Viernes,No,No,FY2024,Otono
20241005,2024-10-05,5,40,10,Octubre,Q4,2024,2024-10,Sabado,Si,No,FY2024,Otono
20241006,2024-10-06,6,40,10,Octubre,Q4,2024,2024-10,Domingo,Si,No,FY2024,Otono
20241007,2024-10-07,7,41,10,Octubre,Q4,2024,2024-10,Lunes,No,No,FY2024,Otono
20241008,2024-10-08,8,41,10,Octubre,Q4,2024,2024-10,Martes,No,No,FY2024,Otono
20241009,2024-10-09,9,41,10,Octubre,Q4,2024,2024-10,Miercoles,No,No,FY2024,Otono
20241010,2024-10-10,10,41,10,Octubre,Q4,2024,2024-10,Jueves,No,No,FY2024,Otono
20241011,2024-10-11,11,41,10,Octubre,Q4,2024,2024-10,Viernes,No,No,FY2024,Otono
20241012,2024-10-12,12,41,10,Octubre,Q4,2024,2024-10,Sabado,Si,No,FY2024,Otono
20241013,2024-10-13,13,41,10,Octubre,Q4,2024,2024-10,Domingo,Si,No,FY2024,Otono
20241014,2024-10-14,14,42,10,Octubre,Q4,2024,2024-10,Lunes,No,No,FY2024,Otono
20241015,2024-10-15,15,42,10,Octubre,Q4,2024,2024-10,Martes,No,No,FY2024,Otono
20241016,2024-10-16,16,42,10,Octubre,Q4,2024,2024-10,Miercoles,No,No,FY2024,Otono
20241017,2024-10-17,17,42,10,Octubre,Q4,2024,2024-10,Jueves,No,No,FY2024,Otono
20241018,2024-10-18,18,42,10,Octubre,Q4,2024,2024-10,Viernes,No,No,FY2024,Otono
20241019,2024-10-19,19,42,10,Octubre,Q4,2024,2024-10,Sabado,Si,No,FY2024,Otono
20241020,2024-10-20,20,42,10,Octubre,Q4,2024,2024-10,Domingo,Si,No,FY2024,Otono
20241021,2024-10-21,21,43,10,Octubre,Q4,2024,2024-10,Lunes,No,No,FY2024,Otono
20241022,2024-10-22,22,43,10,Octubre,Q4,2024,2024-10,Martes,No,No,FY2024,Otono
20241023,2024-10-23,23,43,10,Octubre,Q4,2024,2024-10,Miercoles,No,No,FY2024,Otono
20241024,2024-10-24,24,43,10,Octubre,Q4,2024,2024-10,Jueves,No,No,FY2024,Otono
20241025,2024-10-25,25,43,10,Octubre,Q4,2024,2024-10,Viernes,No,No,FY2024,Otono
20241026,2024-10-26,26,43,10,Octubre,Q4,2024,2024-10,Sabado,Si,No,FY2024,Otono
20241027,2024-10-27,27,43,10,Octubre,Q4,2024,2024-10,Domingo,Si,No,FY2024,Otono
20241028,2024-10-28,28,44,10,Octubre,Q4,2024,2024-10,Lunes,No,No,FY2024,Otono
20241029,2024-10-29,29,44,10,Octubre,Q4,2024,2024-10,Martes,No,No,FY2024,Otono
20241030,2024-10-30,30,44,10,Octubre,Q4,2024,2024-10,Miercoles,No,No,FY2024,Otono
20241031,2024-10-31,31,44,10,Octubre,Q4,2024,2024-10,Jueves,No,No,FY2024,Otono
20241101,2024-11-01,1,44,11,Noviembre,Q4,2024,2024-11,Viernes,No,No,FY2024,Otono
20241102,2024-11-02,2,44,11,Noviembre,Q4,2024,2024-11,Sabado,Si,No,FY2024,Otono
20241103,2024-11-03,3,44,11,Noviembre,Q4,2024,2024-11,Domingo,Si,No,FY2024,Otono
20241104,2024-11-04,4,45,11,Noviembre,Q4,2024,2024-11,Lunes,No,No,FY2024,Otono
20241105,2024-11-05,5,45,11,Noviembre,Q4,2024,2024-11,Martes,No,No,FY2024,Otono
20241106,2024-11-06,6,45,11,Noviembre,Q4,2024,2024-11,Miercoles,No,No,FY2024,Otono
20241107,2024-11-07,7,45,11,Noviembre,Q4,2024,2024-11,Jueves,No,No,FY2024,Otono
20241108,2024-11-08,8,45,11,Noviembre,Q4,2024,2024-11,Viernes,No,No,FY2024,Otono
20241109,2024-11-09,9,45,11,Noviembre,Q4,2024,2024-11,Sabado,Si,No,FY2024,Otono
20241110,2024-11-10,10,45,11,Noviembre,Q4,2024,2024-11,Domingo,Si,No,FY2024,Otono
20241111,2024-11-11,11,46,11,Noviembre,Q4,2024,2024-11,Lunes,No,No,FY2024,Otono
20241112,2024-11-12,12,46,11,Noviembre,Q4,2024,2024-11,Martes,No,No,FY2024,Otono
20241113,2024-11-13,13,46,11,Noviembre,Q4,2024,2024-11,Miercoles,No,No,FY2024,Otono
20241114,2024-11-14,14,46,11,Noviembre,Q4,2024,2024-11,Jueves,No,No,FY2024,Otono
20241115,2024-11-15,15,46,11,Noviembre,Q4,2024,2024-11,Viernes,No,No,FY2024,Otono
20241116,2024-11-16,16,46,11,Noviembre,Q4,2024,2024-11,Sabado,Si,No,FY2024,Otono
20241117,2024-11-17,17,46,11,Noviembre,Q4,2024,2024-11,Domingo,Si,No,FY2024,Otono
20241118,2024-11-18,18,47,11,Noviembre,Q4,2024,2024-11,Lunes,No,Si,FY2024,Otono
20241119,2024-11-19,19,47,11,Noviembre,Q4,2024,2024-11,Martes,No,No,FY2024,Otono
20241120,2024-11-20,20,47,11,Noviembre,Q4,2024,2024-11,Miercoles,No,No,FY2024,Otono
20241121,2024-11-21,21,47,11,Noviembre,Q4,2024,2024-11,Jueves,No,No,FY2024,Otono
20241122,2024-11-22,22,47,11,Noviembre,Q4,2024,2024-11,Viernes,No,No,FY2024,Otono
20241123,2024-11-23,23,47,11,Noviembre,Q4,2024,2024-11,Sabado,Si,No,FY2024,Otono
20241124,2024-11-24,24,47,11,Noviembre,Q4,2024,2024-11,Domingo,Si,No,FY2024,Otono
20241125,2024-11-25,25,48,11,Noviembre,Q4,2024,2024-11,Lunes,No,No,FY2024,Otono
20241126,2024-11-26,26,48,11,Noviembre,Q4,2024,2024-11,Martes,No,No,FY2024,Otono
20241127,2024-11-27,27,48,11,Noviembre,Q4,2024,2024-11,Miercoles,No,No,FY2024,Otono
20241128,2024-11-28,28,48,11,Noviembre,Q4,2024,2024-11,Jueves,No,No,FY2024,Otono
20241129,2024-11-29,29,48,11,Noviembre,Q4,2024,2024-11,Viernes,No,No,FY2024,Otono
20241130,2024-11-30,30,48,11,Noviembre,Q4,2024,2024-11,Sabado,Si,No,FY2024,Otono
20241201,2024-12-01,1,48,12,Diciembre,Q4,2024,2024-12,Domingo,Si,No,FY2024,Invierno
20241202,2024-12-02,2,49,12,Diciembre,Q4,2024,2024-12,Lunes,No,No,FY2024,Invierno
20241203,2024-12-03,3,49,12,Diciembre,Q4,2024,2024-12,Martes,No,No,FY2024,Invierno
20241204,2024-12-04,4,49,12,Diciembre,Q4,2024,2024-12,Miercoles,No,No,FY2024,Invierno
20241205,2024-12-05,5,49,12,Diciembre,Q4,2024,2024-12,Jueves,No,No,FY2024,Invierno
20241206,2024-12-06,6,49,12,Diciembre,Q4,2024,2024-12,Viernes,No,No,FY2024,Invierno
20241207,2024-12-07,7,49,12,Diciembre,Q4,2024,2024-12,Sabado,Si,No,FY2024,Invierno
20241208,2024-12-08,8,49,12,Diciembre,Q4,2024,2024-12,Domingo,Si,No,FY2024,Invierno
20241209,2024-12-09,9,50,12,Diciembre,Q4,2024,2024-12,Lunes,No,No,FY2024,Invierno
20241210,2024-12-10,10,50,12,Diciembre,Q4,2024,2024-12,Martes,No,No,FY2024,Invierno
20241211,2024-12-11,11,50,12,Diciembre,Q4,2024,2024-12,Miercoles,No,No,FY2024,Invierno
20241212,2024-12-12,12,50,12,Diciembre,Q4,2024,2024-12,Jueves,No,No,FY2024,Invierno
20241213,2024-12-13,13,50,12,Diciembre,Q4,2024,2024-12,Viernes,No,No,FY2024,Invierno
20241214,2024-12-14,14,50,12,Diciembre,Q4,2024,2024-12,Sabado,Si,No,FY2024,Invierno
20241215,2024-12-15,15,50,12,Diciembre,Q4,2024,2024-12,Domingo,Si,No,FY2024,Invierno
20241216,2024-12-16,16,51,12,Diciembre,Q4,2024,2024-12,Lunes,No,No,FY2024,Invierno
20241217,2024-12-17,17,51,12,Diciembre,Q4,2024,2024-12,Martes,No,No,FY2024,Invierno
20241218,2024-12-18,18,51,12,Diciembre,Q4,2024,2024-12,Miercoles,No,No,FY2024,Invierno
20241219,2024-12-19,19,51,12,Diciembre,Q4,2024,2024-12,Jueves,No,No,FY2024,Invierno
20241220,2024-12-20,20,51,12,Diciembre,Q4,2024,2024-12,Viernes,No,No,FY2024,Invierno
20241221,2024-12-21,21,51,12,Diciembre,Q4,2024,2024-12,Sabado,Si,No,FY2024,Invierno
20241222,2024-12-22,22,51,12,Diciembre,Q4,2024,2024-12,Domingo,Si,No,FY2024,Invierno
20241223,2024-12-23,23,52,12,Diciembre,Q4,2024,2024-12,Lunes,No,No,FY2024,Invierno
20241224,2024-12-24,24,52,12,Diciembre,Q4,2024,2024-12,Martes,No,No,FY2024,Invierno
20241225,2024-12-25,25,52,12,Diciembre,Q4,2024,2024-12,Miercoles,No,Si,FY2024,Invierno
20241226,2024-12-26,26,52,12,Diciembre,Q4,2024,2024-12,Jueves,No,No,FY2024,Invierno
20241227,2024-12-27,27,52,12,Diciembre,Q4,2024,2024-12,Viernes,No,No,FY2024,Invierno
20241228,2024-12-28,28,52,12,Diciembre,Q4,2024,2024-12,Sabado,Si,No,FY2024,Invierno
20241229,2024-12-29,29,52,12,Diciembre,Q4,2024,2024-12,Domingo,Si,No,FY2024,Invierno
20241230,2024-12-30,30,1,12,Diciembre,Q4,2024,2024-12,Lunes,No,No,FY2024,Invierno
20241231,2024-12-31,31,1,12,Diciembre,Q4,2024,2024-12,Martes,No,No,FY2024,Invierno
20250101,2025-01-01,1,1,1,Enero,Q1,2025,2025-01,Miercoles,No,Si,FY2025,Invierno
20250102,2025-01-02,2,1,1,Enero,Q1,2025,2025-01,Jueves,No,No,FY2025,Invierno
20250103,2025-01-03,3,1,1,Enero,Q1,2025,2025-01,Viernes,No,No,FY2025,Invierno
20250104,2025-01-04,4,1,1,Enero,Q1,2025,2025-01,Sabado,Si,No,FY2025,Invierno
20250105,2025-01-05,5,1,1,Enero,Q1,2025,2025-01,Domingo,Si,No,FY2025,Invierno
20250106,2025-01-06,6,2,1,Enero,Q1,2025,2025-01,Lunes,No,No,FY2025,Invierno
20250107,2025-01-07,7,2,1,Enero,Q1,2025,2025-01,Martes,No,No,FY2025,Invierno
20250108,2025-01-08,8,2,1,Enero,Q1,2025,2025-01,Miercoles,No,No,FY2025,Invierno
20250109,2025-01-09,9,2,1,Enero,Q1,2025,2025-01,Jueves,No,No,FY2025,Invierno
20250110,2025-01-10,10,2,1,Enero,Q1,2025,2025-01,Viernes,No,No,FY2025,Invierno
20250111,2025-01-11,11,2,1,Enero,Q1,2025,2025-01,Sabado,Si,No,FY2025,Invierno
20250112,2025-01-12,12,2,1,Enero,Q1,2025,2025-01,Domingo,Si,No,FY2025,Invierno
20250113,2025-01-13,13,3,1,Enero,Q1,2025,2025-01,Lunes,No,No,FY2025,Invierno
20250114,2025-01-14,14,3,1,Enero,Q1,2025,2025-01,Martes,No,No,FY2025,Invierno
20250115,2025-01-15,15,3,1,Enero,Q1,2025,2025-01,Miercoles,No,No,FY2025,Invierno
20250116,2025-01-16,16,3,1,Enero,Q1,2025,2025-01,Jueves,No,No,FY2025,Invierno
20250117,2025-01-17,17,3,1,Enero,Q1,2025,2025-01,Viernes,No,No,FY2025,Invierno
20250118,2025-01-18,18,3,1,Enero,Q1,2025,2025-01,Sabado,Si,No,FY2025,Invierno
20250119,2025-01-19,19,3,1,Enero,Q1,2025,2025-01,Domingo,Si,No,FY2025,Invierno
20250120,2025-01-20,20,4,1,Enero,Q1,2025,2025-01,Lunes,No,No,FY2025,Invierno
20250121,2025-01-21,21,4,1,Enero,Q1,2025,2025-01,Martes,No,No,FY2025,Invierno
20250122,2025-01-22,22,4,1,Enero,Q1,2025,2025-01,Miercoles,No,No,FY2025,Invierno
20250123,2025-01-23,23,4,1,Enero,Q1,2025,2025-01,Jueves,No,No,FY2025,Invierno
20250124,2025-01-24,24,4,1,Enero,Q1,2025,2025-01,Viernes,No,No,FY2025,Invierno
20250125,2025-01-25,25,4,1,Enero,Q1,2025,2025-01,Sabado,Si,No,FY2025,Invierno
20250126,2025-01-26,26,4,1,Enero,Q1,2025,2025-01,Domingo,Si,No,FY2025,Invierno
20250127,2025-01-27,27,5,1,Enero,Q1,2025,2025-01,Lunes,No,No,FY2025,Invierno
20250128,2025-01-28,28,5,1,Enero,Q1,2025,2025-01,Martes,No,No,FY2025,Invierno
20250129,2025-01-29,29,5,1,Enero,Q1,2025,2025-01,Miercoles,No,No,FY2025,Invierno
20250130,2025-01-30,30,5,1,Enero,Q1,2025,2025-01,Jueves,No,No,FY2025,Invierno
20250131,2025-01-31,31,5,1,Enero,Q1,2025,2025-01,Viernes,No,No,FY2025,Invierno
20250201,2025-02-01,1,5,2,Febrero,Q1,2025,2025-02,Sabado,Si,No,FY2025,Invierno
20250202,2025-02-02,2,5,2,Febrero,Q1,2025,2025-02,Domingo,Si,No,FY2025,Invierno
20250203,2025-02-03,3,6,2,Febrero,Q1,2025,2025-02,Lunes,No,No,FY2025,Invierno
20250204,2025-02-04,4,6,2,Febrero,Q1,2025,2025-02,Martes,No,No,FY2025,Invierno
20250205,2025-02-05,5,6,2,Febrero,Q1,2025,2025-02,Miercoles,No,No,FY2025,Invierno
20250206,2025-02-06,6,6,2,Febrero,Q1,2025,2025-02,Jueves,No,No,FY2025,Invierno
20250207,2025-02-07,7,6,2,Febrero,Q1,2025,2025-02,Viernes,No,No,FY2025,Invierno
20250208,2025-02-08,8,6,2,Febrero,Q1,2025,2025-02,Sabado,Si,No,FY2025,Invierno
20250209,2025-02-09,9,6,2,Febrero,Q1,2025,2025-02,Domingo,Si,No,FY2025,Invierno
20250210,2025-02-10,10,7,2,Febrero,Q1,2025,2025-02,Lunes,No,No,FY2025,Invierno
20250211,2025-02-11,11,7,2,Febrero,Q1,2025,2025-02,Martes,No,No,FY2025,Invierno
20250212,2025-02-12,12,7,2,Febrero,Q1,2025,2025-02,Miercoles,No,No,FY2025,Invierno
20250213,2025-02-13,13,7,2,Febrero,Q1,2025,2025-02,Jueves,No,No,FY2025,Invierno
20250214,2025-02-14,14,7,2,Febrero,Q1,2025,2025-02,Viernes,No,No,FY2025,Invierno
20250215,2025-02-15,15,7,2,Febrero,Q1,2025,2025-02,Sabado,Si,No,FY2025,Invierno
20250216,2025-02-16,16,7,2,Febrero,Q1,2025,2025-02,Domingo,Si,No,FY2025,Invierno
20250217,2025-02-17,17,8,2,Febrero,Q1,2025,2025-02,Lunes,No,No,FY2025,Invierno
20250218,2025-02-18,18,8,2,Febrero,Q1,2025,2025-02,Martes,No,No,FY2025,Invierno
20250219,2025-02-19,19,8,2,Febrero,Q1,2025,2025-02,Miercoles,No,No,FY2025,Invierno
20250220,2025-02-20,20,8,2,Febrero,Q1,2025,2025-02,Jueves,No,No,FY2025,Invierno
20250221,2025-02-21,21,8,2,Febrero,Q1,2025,2025-02,Viernes,No,No,FY2025,Invierno
20250222,2025-02-22,22,8,2,Febrero,Q1,2025,2025-02,Sabado,Si,No,FY2025,Invierno
20250223,2025-02-23,23,8,2,Febrero,Q1,2025,2025-02,Domingo,Si,No,FY2025,Invierno
20250224,2025-02-24,24,9,2,Febrero,Q1,2025,2025-02,Lunes,No,No,FY2025,Invierno
20250225,2025-02-25,25,9,2,Febrero,Q1,2025,2025-02,Martes,No,No,FY2025,Invierno
20250226,2025-02-26,26,9,2,Febrero,Q1,2025,2025-02,Miercoles,No,No,FY2025,Invierno
20250227,2025-02-27,27,9,2,Febrero,Q1,2025,2025-02,Jueves,No,No,FY2025,Invierno
20250228,2025-02-28,28,9,2,Febrero,Q1,2025,2025-02,Viernes,No,No,FY2025,Invierno
20250301,2025-03-01,1,9,3,Marzo,Q1,2025,2025-03,Sabado,Si,No,FY2025,Primavera
20250302,2025-03-02,2,9,3,Marzo,Q1,2025,2025-03,Domingo,Si,No,FY2025,Primavera
20250303,2025-03-03,3,10,3,Marzo,Q1,2025,2025-03,Lunes,No,No,FY2025,Primavera
20250304,2025-03-04,4,10,3,Marzo,Q1,2025,2025-03,Martes,No,No,FY2025,Primavera
20250305,2025-03-05,5,10,3,Marzo,Q1,2025,2025-03,Miercoles,No,No,FY2025,Primavera
20250306,2025-03-06,6,10,3,Marzo,Q1,2025,2025-03,Jueves,No,No,FY2025,Primavera
20250307,2025-03-07,7,10,3,Marzo,Q1,2025,2025-03,Viernes,No,No,FY2025,Primavera
20250308,2025-03-08,8,10,3,Marzo,Q1,2025,2025-03,Sabado,Si,No,FY2025,Primavera
20250309,2025-03-09,9,10,3,Marzo,Q1,2025,2025-03,Domingo,Si,No,FY2025,Primavera
20250310,2025-03-10,10,11,3,Marzo,Q1,2025,2025-03,Lunes,No,No,FY2025,Primavera
20250311,2025-03-11,11,11,3,Marzo,Q1,2025,2025-03,Martes,No,No,FY2025,Primavera
20250312,2025-03-12,12,11,3,Marzo,Q1,2025,2025-03,Miercoles,No,No,FY2025,Primavera
20250313,2025-03-13,13,11,3,Marzo,Q1,2025,2025-03,Jueves,No,No,FY2025,Primavera
20250314,2025-03-14,14,11,3,Marzo,Q1,2025,2025-03,Viernes,No,No,FY2025,Primavera
20250315,2025-03-15,15,11,3,Marzo,Q1,2025,2025-03,Sabado,Si,No,FY2025,Primavera
20250316,2025-03-16,16,11,3,Marzo,Q1,2025,2025-03,Domingo,Si,No,FY2025,Primavera
20250317,2025-03-17,17,12,3,Marzo,Q1,2025,2025-03,Lunes,No,Si,FY2025,Primavera
20250318,2025-03-18,18,12,3,Marzo,Q1,2025,2025-03,Martes,No,No,FY2025,Primavera
20250319,2025-03-19,19,12,3,Marzo,Q1,2025,2025-03,Miercoles,No,No,FY2025,Primavera
20250320,2025-03-20,20,12,3,Marzo,Q1,2025,2025-03,Jueves,No,No,FY2025,Primavera
20250321,2025-03-21,21,12,3,Marzo,Q1,2025,2025-03,Viernes,No,No,FY2025,Primavera
20250322,2025-03-22,22,12,3,Marzo,Q1,2025,2025-03,Sabado,Si,No,FY2025,Primavera
20250323,2025-03-23,23,12,3,Marzo,Q1,2025,2025-03,Domingo,Si,No,FY2025,Primavera
20250324,2025-03-24,24,13,3,Marzo,Q1,2025,2025-03,Lunes,No,No,FY2025,Primavera
20250325,2025-03-25,25,13,3,Marzo,Q1,2025,2025-03,Martes,No,No,FY2025,Primavera
20250326,2025-03-26,26,13,3,Marzo,Q1,2025,2025-03,Miercoles,No,No,FY2025,Primavera
20250327,2025-03-27,27,13,3,Marzo,Q1,2025,2025-03,Jueves,No,No,FY2025,Primavera
20250328,2025-03-28,28,13,3,Marzo,Q1,2025,2025-03,Viernes,No,No,FY2025,Primavera
20250329,2025-03-29,29,13,3,Marzo,Q1,2025,2025-03,Sabado,Si,No,FY2025,Primavera
20250330,2025-03-30,30,13,3,Marzo,Q1,2025,2025-03,Domingo,Si,No,FY2025,Primavera
20250331,2025-03-31,31,14,3,Marzo,Q1,2025,2025-03,Lunes,No,No,FY2025,Primavera
20250401,2025-04-01,1,14,4,Abril,Q2,2025,2025-04,Martes,No,No,FY2025,Primavera
20250402,2025-04-02,2,14,4,Abril,Q2,2025,2025-04,Miercoles,No,No,FY2025,Primavera
20250403,2025-04-03,3,14,4,Abril,Q2,2025,2025-04,Jueves,No,No,FY2025,Primavera
20250404,2025-04-04,4,14,4,Abril,Q2,2025,2025-04,Viernes,No,No,FY2025,Primavera
20250405,2025-04-05,5,14,4,Abril,Q2,2025,2025-04,Sabado,Si,No,FY2025,Primavera
20250406,2025-04-06,6,14,4,Abril,Q2,2025,2025-04,Domingo,Si,No,FY2025,Primavera
20250407,2025-04-07,7,15,4,Abril,Q2,2025,2025-04,Lunes,No,No,FY2025,Primavera
20250408,2025-04-08,8,15,4,Abril,Q2,2025,2025-04,Martes,No,No,FY2025,Primavera
20250409,2025-04-09,9,15,4,Abril,Q2,2025,2025-04,Miercoles,No,No,FY2025,Primavera
20250410,2025-04-10,10,15,4,Abril,Q2,2025,2025-04,Jueves,No,No,FY2025,Primavera
20250411,2025-04-11,11,15,4,Abril,Q2,2025,2025-04,Viernes,No,No,FY2025,Primavera
20250412,2025-04-12,12,15,4,Abril,Q2,2025,2025-04,Sabado,Si,No,FY2025,Primavera
20250413,2025-04-13,13,15,4,Abril,Q2,2025,2025-04,Domingo,Si,No,FY2025,Primavera
20250414,2025-04-14,14,16,4,Abril,Q2,2025,2025-04,Lunes,No,No,FY2025,Primavera
20250415,2025-04-15,15,16,4,Abril,Q2,2025,2025-04,Martes,No,No,FY2025,Primavera
20250416,2025-04-16,16,16,4,Abril,Q2,2025,2025-04,Miercoles,No,No,FY2025,Primavera
20250417,2025-04-17,17,16,4,Abril,Q2,2025,2025-04,Jueves,No,No,FY2025,Primavera
20250418,2025-04-18,18,16,4,Abril,Q2,2025,2025-04,Viernes,No,No,FY2025,Primavera
20250419,2025-04-19,19,16,4,Abril,Q2,2025,2025-04,Sabado,Si,No,FY2025,Primavera
20250420,2025-04-20,20,16,4,Abril,Q2,2025,2025-04,Domingo,Si,No,FY2025,Primavera
20250421,2025-04-21,21,17,4,Abril,Q2,2025,2025-04,Lunes,No,No,FY2025,Primavera
20250422,2025-04-22,22,17,4,Abril,Q2,2025,2025-04,Martes,No,No,FY2025,Primavera
20250423,2025-04-23,23,17,4,Abril,Q2,2025,2025-04,Miercoles,No,No,FY2025,Primavera
20250424,2025-04-24,24,17,4,Abril,Q2,2025,2025-04,Jueves,No,No,FY2025,Primavera
20250425,2025-04-25,25,17,4,Abril,Q2,2025,2025-04,Viernes,No,No,FY2025,Primavera
20250426,2025-04-26,26,17,4,Abril,Q2,2025,2025-04,Sabado,Si,No,FY2025,Primavera
20250427,2025-04-27,27,17,4,Abril,Q2,2025,2025-04,Domingo,Si,No,FY2025,Primavera
20250428,2025-04-28,28,18,4,Abril,Q2,2025,2025-04,Lunes,No,No,FY2025,Primavera
20250429,2025-04-29,29,18,4,Abril,Q2,2025,2025-04,Martes,No,No,FY2025,Primavera
20250430,2025-04-30,30,18,4,Abril,Q2,2025,2025-04,Miercoles,No,No,FY2025,Primavera
20250501,2025-05-01,1,18,5,Mayo,Q2,2025,2025-05,Jueves,No,Si,FY2025,Primavera
20250502,2025-05-02,2,18,5,Mayo,Q2,2025,2025-05,Viernes,No,No,FY2025,Primavera
20250503,2025-05-03,3,18,5,Mayo,Q2,2025,2025-05,Sabado,Si,No,FY2025,Primavera
20250504,2025-05-04,4,18,5,Mayo,Q2,2025,2025-05,Domingo,Si,No,FY2025,Primavera
20250505,2025-05-05,5,19,5,Mayo,Q2,2025,2025-05,Lunes,No,No,FY2025,Primavera
20250506,2025-05-06,6,19,5,Mayo,Q2,2025,2025-05,Martes,No,No,FY2025,Primavera
20250507,2025-05-07,7,19,5,Mayo,Q2,2025,2025-05,Miercoles,No,No,FY2025,Primavera
20250508,2025-05-08,8,19,5,Mayo,Q2,2025,2025-05,Jueves,No,No,FY2025,Primavera
20250509,2025-05-09,9,19,5,Mayo,Q2,2025,2025-05,Viernes,No,No,FY2025,Primavera
20250510,2025-05-10,10,19,5,Mayo,Q2,2025,2025-05,Sabado,Si,No,FY2025,Primavera
20250511,2025-05-11,11,19,5,Mayo,Q2,2025,2025-05,Domingo,Si,No,FY2025,Primavera
20250512,2025-05-12,12,20,5,Mayo,Q2,2025,2025-05,Lunes,No,No,FY2025,Primavera
20250513,2025-05-13,13,20,5,Mayo,Q2,2025,2025-05,Martes,No,No,FY2025,Primavera
20250514,2025-05-14,14,20,5,Mayo,Q2,2025,2025-05,Miercoles,No,No,FY2025,Primavera
20250515,2025-05-15,15,20,5,Mayo,Q2,2025,2025-05,Jueves,No,No,FY2025,Primavera
20250516,2025-05-16,16,20,5,Mayo,Q2,2025,2025-05,Viernes,No,No,FY2025,Primavera
20250517,2025-05-17,17,20,5,Mayo,Q2,2025,2025-05,Sabado,Si,No,FY2025,Primavera
20250518,2025-05-18,18,20,5,Mayo,Q2,2025,2025-05,Domingo,Si,No,FY2025,Primavera
20250519,2025-05-19,19,21,5,Mayo,Q2,2025,2025-05,Lunes,No,No,FY2025,Primavera
20250520,2025-05-20,20,21,5,Mayo,Q2,2025,2025-05,Martes,No,No,FY2025,Primavera
20250521,2025-05-21,21,21,5,Mayo,Q2,2025,2025-05,Miercoles,No,No,FY2025,Primavera
20250522,2025-05-22,22,21,5,Mayo,Q2,2025,2025-05,Jueves,No,No,FY2025,Primavera
20250523,2025-05-23,23,21,5,Mayo,Q2,2025,2025-05,Viernes,No,No,FY2025,Primavera
20250524,2025-05-24,24,21,5,Mayo,Q2,2025,2025-05,Sabado,Si,No,FY2025,Primavera
20250525,2025-05-25,25,21,5,Mayo,Q2,2025,2025-05,Domingo,Si,No,FY2025,Primavera
20250526,2025-05-26,26,22,5,Mayo,Q2,2025,2025-05,Lunes,No,No,FY2025,Primavera
20250527,2025-05-27,27,22,5,Mayo,Q2,2025,2025-05,Martes,No,No,FY2025,Primavera
20250528,2025-05-28,28,22,5,Mayo,Q2,2025,2025-05,Miercoles,No,No,FY2025,Primavera
20250529,2025-05-29,29,22,5,Mayo,Q2,2025,2025-05,Jueves,No,No,FY2025,Primavera
20250530,2025-05-30,30,22,5,Mayo,Q2,2025,2025-05,Viernes,No,No,FY2025,Primavera
20250531,2025-05-31,31,22,5,Mayo,Q2,2025,2025-05,Sabado,Si,No,FY2025,Primavera
20250601,2025-06-01,1,22,6,Junio,Q2,2025,2025-06,Domingo,Si,No,FY2025,Verano
20250602,2025-06-02,2,23,6,Junio,Q2,2025,2025-06,Lunes,No,No,FY2025,Verano
20250603,2025-06-03,3,23,6,Junio,Q2,2025,2025-06,Martes,No,No,FY2025,Verano
20250604,2025-06-04,4,23,6,Junio,Q2,2025,2025-06,Miercoles,No,No,FY2025,Verano
20250605,2025-06-05,5,23,6,Junio,Q2,2025,2025-06,Jueves,No,No,FY2025,Verano
20250606,2025-06-06,6,23,6,Junio,Q2,2025,2025-06,Viernes,No,No,FY2025,Verano
20250607,2025-06-07,7,23,6,Junio,Q2,2025,2025-06,Sabado,Si,No,FY2025,Verano
20250608,2025-06-08,8,23,6,Junio,Q2,2025,2025-06,Domingo,Si,No,FY2025,Verano
20250609,2025-06-09,9,24,6,Junio,Q2,2025,2025-06,Lunes,No,No,FY2025,Verano
20250610,2025-06-10,10,24,6,Junio,Q2,2025,2025-06,Martes,No,No,FY2025,Verano
20250611,2025-06-11,11,24,6,Junio,Q2,2025,2025-06,Miercoles,No,No,FY2025,Verano
20250612,2025-06-12,12,24,6,Junio,Q2,2025,2025-06,Jueves,No,No,FY2025,Verano
20250613,2025-06-13,13,24,6,Junio,Q2,2025,2025-06,Viernes,No,No,FY2025,Verano
20250614,2025-06-14,14,24,6,Junio,Q2,2025,2025-06,Sabado,Si,No,FY2025,Verano
20250615,2025-06-15,15,24,6,Junio,Q2,2025,2025-06,Domingo,Si,No,FY2025,Verano
20250616,2025-06-16,16,25,6,Junio,Q2,2025,2025-06,Lunes,No,No,FY2025,Verano
20250617,2025-06-17,17,25,6,Junio,Q2,2025,2025-06,Martes,No,No,FY2025,Verano
20250618,2025-06-18,18,25,6,Junio,Q2,2025,2025-06,Miercoles,No,No,FY2025,Verano
20250619,2025-06-19,19,25,6,Junio,Q2,2025,2025-06,Jueves,No,No,FY2025,Verano
20250620,2025-06-20,20,25,6,Junio,Q2,2025,2025-06,Viernes,No,No,FY2025,Verano
20250621,2025-06-21,21,25,6,Junio,Q2,2025,2025-06,Sabado,Si,No,FY2025,Verano
20250622,2025-06-22,22,25,6,Junio,Q2,2025,2025-06,Domingo,Si,No,FY2025,Verano
20250623,2025-06-23,23,26,6,Junio,Q2,2025,2025-06,Lunes,No,No,FY2025,Verano
20250624,2025-06-24,24,26,6,Junio,Q2,2025,2025-06,Martes,No,No,FY2025,Verano
20250625,2025-06-25,25,26,6,Junio,Q2,2025,2025-06,Miercoles,No,No,FY2025,Verano
20250626,2025-06-26,26,26,6,Junio,Q2,2025,2025-06,Jueves,No,No,FY2025,Verano
20250627,2025-06-27,27,26,6,Junio,Q2,2025,2025-06,Viernes,No,No,FY2025,Verano
20250628,2025-06-28,28,26,6,Junio,Q2,2025,2025-06,Sabado,Si,No,FY2025,Verano
20250629,2025-06-29,29,26,6,Junio,Q2,2025,2025-06,Domingo,Si,No,FY2025,Verano
20250630,2025-06-30,30,27,6,Junio,Q2,2025,2025-06,Lunes,No,No,FY2025,Verano
20250701,2025-07-01,1,27,7,Julio,Q3,2025,2025-07,Martes,No,No,FY2025,Verano
20250702,2025-07-02,2,27,7,Julio,Q3,2025,2025-07,Miercoles,No,No,FY2025,Verano
20250703,2025-07-03,3,27,7,Julio,Q3,2025,2025-07,Jueves,No,No,FY2025,Verano
20250704,2025-07-04,4,27,7,Julio,Q3,2025,2025-07,Viernes,No,No,FY2025,Verano
20250705,2025-07-05,5,27,7,Julio,Q3,2025,2025-07,Sabado,Si,No,FY2025,Verano
20250706,2025-07-06,6,27,7,Julio,Q3,2025,2025-07,Domingo,Si,No,FY2025,Verano
20250707,2025-07-07,7,28,7,Julio,Q3,2025,2025-07,Lunes,No,No,FY2025,Verano
20250708,2025-07-08,8,28,7,Julio,Q3,2025,2025-07,Martes,No,No,FY2025,Verano
20250709,2025-07-09,9,28,7,Julio,Q3,2025,2025-07,Miercoles,No,No,FY2025,Verano
20250710,2025-07-10,10,28,7,Julio,Q3,2025,2025-07,Jueves,No,No,FY2025,Verano
20250711,2025-07-11,11,28,7,Julio,Q3,2025,2025-07,Viernes,No,No,FY2025,Verano
20250712,2025-07-12,12,28,7,Julio,Q3,2025,2025-07,Sabado,Si,No,FY2025,Verano
20250713,2025-07-13,13,28,7,Julio,Q3,2025,2025-07,Domingo,Si,No,FY2025,Verano
20250714,2025-07-14,14,29,7,Julio,Q3,2025,2025-07,Lunes,No,No,FY2025,Verano
20250715,2025-07-15,15,29,7,Julio,Q3,2025,2025-07,Martes,No,No,FY2025,Verano
20250716,2025-07-16,16,29,7,Julio,Q3,2025,2025-07,Miercoles,No,No,FY2025,Verano
20250717,2025-07-17,17,29,7,Julio,Q3,2025,2025-07,Jueves,No,No,FY2025,Verano
20250718,2025-07-18,18,29,7,Julio,Q3,2025,2025-07,Viernes,No,No,FY2025,Verano
20250719,2025-07-19,19,29,7,Julio,Q3,2025,2025-07,Sabado,Si,No,FY2025,Verano
20250720,2025-07-20,20,29,7,Julio,Q3,2025,2025-07,Domingo,Si,No,FY2025,Verano
20250721,2025-07-21,21,30,7,Julio,Q3,2025,2025-07,Lunes,No,No,FY2025,Verano
20250722,2025-07-22,22,30,7,Julio,Q3,2025,2025-07,Martes,No,No,FY2025,Verano
20250723,2025-07-23,23,30,7,Julio,Q3,2025,2025-07,Miercoles,No,No,FY2025,Verano
20250724,2025-07-24,24,30,7,Julio,Q3,2025,2025-07,Jueves,No,No,FY2025,Verano
20250725,2025-07-25,25,30,7,Julio,Q3,2025,2025-07,Viernes,No,No,FY2025,Verano
20250726,2025-07-26,26,30,7,Julio,Q3,2025,2025-07,Sabado,Si,No,FY2025,Verano
20250727,2025-07-27,27,30,7,Julio,Q3,2025,2025-07,Domingo,Si,No,FY2025,Verano
20250728,2025-07-28,28,31,7,Julio,Q3,2025,2025-07,Lunes,No,No,FY2025,Verano
20250729,2025-07-29,29,31,7,Julio,Q3,2025,2025-07,Martes,No,No,FY2025,Verano
20250730,2025-07-30,30,31,7,Julio,Q3,2025,2025-07,Miercoles,No,No,FY2025,Verano
20250731,2025-07-31,31,31,7,Julio,Q3,2025,2025-07,Jueves,No,No,FY2025,Verano
20250801,2025-08-01,1,31,8,Agosto,Q3,2025,2025-08,Viernes,No,No,FY2025,Verano
20250802,2025-08-02,2,31,8,Agosto,Q3,2025,2025-08,Sabado,Si,No,FY2025,Verano
20250803,2025-08-03,3,31,8,Agosto,Q3,2025,2025-08,Domingo,Si,No,FY2025,Verano
20250804,2025-08-04,4,32,8,Agosto,Q3,2025,2025-08,Lunes,No,No,FY2025,Verano
20250805,2025-08-05,5,32,8,Agosto,Q3,2025,2025-08,Martes,No,No,FY2025,Verano
20250806,2025-08-06,6,32,8,Agosto,Q3,2025,2025-08,Miercoles,No,No,FY2025,Verano
20250807,2025-08-07,7,32,8,Agosto,Q3,2025,2025-08,Jueves,No,No,FY2025,Verano
20250808,2025-08-08,8,32,8,Agosto,Q3,2025,2025-08,Viernes,No,No,FY2025,Verano
20250809,2025-08-09,9,32,8,Agosto,Q3,2025,2025-08,Sabado,Si,No,FY2025,Verano
20250810,2025-08-10,10,32,8,Agosto,Q3,2025,2025-08,Domingo,Si,No,FY2025,Verano
20250811,2025-08-11,11,33,8,Agosto,Q3,2025,2025-08,Lunes,No,No,FY2025,Verano
20250812,2025-08-12,12,33,8,Agosto,Q3,2025,2025-08,Martes,No,No,FY2025,Verano
20250813,2025-08-13,13,33,8,Agosto,Q3,2025,2025-08,Miercoles,No,No,FY2025,Verano
20250814,2025-08-14,14,33,8,Agosto,Q3,2025,2025-08,Jueves,No,No,FY2025,Verano
20250815,2025-08-15,15,33,8,Agosto,Q3,2025,2025-08,Viernes,No,No,FY2025,Verano
20250816,2025-08-16,16,33,8,Agosto,Q3,2025,2025-08,Sabado,Si,No,FY2025,Verano
20250817,2025-08-17,17,33,8,Agosto,Q3,2025,2025-08,Domingo,Si,No,FY2025,Verano
20250818,2025-08-18,18,34,8,Agosto,Q3,2025,2025-08,Lunes,No,No,FY2025,Verano
20250819,2025-08-19,19,34,8,Agosto,Q3,2025,2025-08,Martes,No,No,FY2025,Verano
20250820,2025-08-20,20,34,8,Agosto,Q3,2025,2025-08,Miercoles,No,No,FY2025,Verano
20250821,2025-08-21,21,34,8,Agosto,Q3,2025,2025-08,Jueves,No,No,FY2025,Verano
20250822,2025-08-22,22,34,8,Agosto,Q3,2025,2025-08,Viernes,No,No,FY2025,Verano
20250823,2025-08-23,23,34,8,Agosto,Q3,2025,2025-08,Sabado,Si,No,FY2025,Verano
20250824,2025-08-24,24,34,8,Agosto,Q3,2025,2025-08,Domingo,Si,No,FY2025,Verano
20250825,2025-08-25,25,35,8,Agosto,Q3,2025,2025-08,Lunes,No,No,FY2025,Verano
20250826,2025-08-26,26,35,8,Agosto,Q3,2025,2025-08,Martes,No,No,FY2025,Verano
20250827,2025-08-27,27,35,8,Agosto,Q3,2025,2025-08,Miercoles,No,No,FY2025,Verano
20250828,2025-08-28,28,35,8,Agosto,Q3,2025,2025-08,Jueves,No,No,FY2025,Verano
20250829,2025-08-29,29,35,8,Agosto,Q3,2025,2025-08,Viernes,No,No,FY2025,Verano
20250830,2025-08-30,30,35,8,Agosto,Q3,2025,2025-08,Sabado,Si,No,FY2025,Verano
20250831,2025-08-31,31,35,8,Agosto,Q3,2025,2025-08,Domingo,Si,No,FY2025,Verano
20250901,2025-09-01,1,36,9,Septiembre,Q3,2025,2025-09,Lunes,No,No,FY2025,Otono
20250902,2025-09-02,2,36,9,Septiembre,Q3,2025,2025-09,Martes,No,No,FY2025,Otono
20250903,2025-09-03,3,36,9,Septiembre,Q3,2025,2025-09,Miercoles,No,No,FY2025,Otono
20250904,2025-09-04,4,36,9,Septiembre,Q3,2025,2025-09,Jueves,No,No,FY2025,Otono
20250905,2025-09-05,5,36,9,Septiembre,Q3,2025,2025-09,Viernes,No,No,FY2025,Otono
20250906,2025-09-06,6,36,9,Septiembre,Q3,2025,2025-09,Sabado,Si,No,FY2025,Otono
20250907,2025-09-07,7,36,9,Septiembre,Q3,2025,2025-09,Domingo,Si,No,FY2025,Otono
20250908,2025-09-08,8,37,9,Septiembre,Q3,2025,2025-09,Lunes,No,No,FY2025,Otono
20250909,2025-09-09,9,37,9,Septiembre,Q3,2025,2025-09,Martes,No,No,FY2025,Otono
20250910,2025-09-10,10,37,9,Septiembre,Q3,2025,2025-09,Miercoles,No,No,FY2025,Otono
20250911,2025-09-11,11,37,9,Septiembre,Q3,2025,2025-09,Jueves,No,No,FY2025,Otono
20250912,2025-09-12,12,37,9,Septiembre,Q3,2025,2025-09,Viernes,No,No,FY2025,Otono
20250913,2025-09-13,13,37,9,Septiembre,Q3,2025,2025-09,Sabado,Si,No,FY2025,Otono
20250914,2025-09-14,14,37,9,Septiembre,Q3,2025,2025-09,Domingo,Si,No,FY2025,Otono
20250915,2025-09-15,15,38,9,Septiembre,Q3,2025,2025-09,Lunes,No,Si,FY2025,Otono
20250916,2025-09-16,16,38,9,Septiembre,Q3,2025,2025-09,Martes,No,No,FY2025,Otono
20250917,2025-09-17,17,38,9,Septiembre,Q3,2025,2025-09,Miercoles,No,No,FY2025,Otono
20250918,2025-09-18,18,38,9,Septiembre,Q3,2025,2025-09,Jueves,No,No,FY2025,Otono
20250919,2025-09-19,19,38,9,Septiembre,Q3,2025,2025-09,Viernes,No,No,FY2025,Otono
20250920,2025-09-20,20,38,9,Septiembre,Q3,2025,2025-09,Sabado,Si,No,FY2025,Otono
20250921,2025-09-21,21,38,9,Septiembre,Q3,2025,2025-09,Domingo,Si,No,FY2025,Otono
20250922,2025-09-22,22,39,9,Septiembre,Q3,2025,2025-09,Lunes,No,No,FY2025,Otono
20250923,2025-09-23,23,39,9,Septiembre,Q3,2025,2025-09,Martes,No,No,FY2025,Otono
20250924,2025-09-24,24,39,9,Septiembre,Q3,2025,2025-09,Miercoles,No,No,FY2025,Otono
20250925,2025-09-25,25,39,9,Septiembre,Q3,2025,2025-09,Jueves,No,No,FY2025,Otono
20250926,2025-09-26,26,39,9,Septiembre,Q3,2025,2025-09,Viernes,No,No,FY2025,Otono
20250927,2025-09-27,27,39,9,Septiembre,Q3,2025,2025-09,Sabado,Si,No,FY2025,Otono
20250928,2025-09-28,28,39,9,Septiembre,Q3,2025,2025-09,Domingo,Si,No,FY2025,Otono
20250929,2025-09-29,29,40,9,Septiembre,Q3,2025,2025-09,Lunes,No,No,FY2025,Otono
20250930,2025-09-30,30,40,9,Septiembre,Q3,2025,2025-09,Martes,No,No,FY2025,Otono
20251001,2025-10-01,1,40,10,Octubre,Q4,2025,2025-10,Miercoles,No,No,FY2025,Otono
20251002,2025-10-02,2,40,10,Octubre,Q4,2025,2025-10,Jueves,No,No,FY2025,Otono
20251003,2025-10-03,3,40,10,Octubre,Q4,2025,2025-10,Viernes,No,No,FY2025,Otono
20251004,2025-10-04,4,40,10,Octubre,Q4,2025,2025-10,Sabado,Si,No,FY2025,Otono
20251005,2025-10-05,5,40,10,Octubre,Q4,2025,2025-10,Domingo,Si,No,FY2025,Otono
20251006,2025-10-06,6,41,10,Octubre,Q4,2025,2025-10,Lunes,No,No,FY2025,Otono
20251007,2025-10-07,7,41,10,Octubre,Q4,2025,2025-10,Martes,No,No,FY2025,Otono
20251008,2025-10-08,8,41,10,Octubre,Q4,2025,2025-10,Miercoles,No,No,FY2025,Otono
20251009,2025-10-09,9,41,10,Octubre,Q4,2025,2025-10,Jueves,No,No,FY2025,Otono
20251010,2025-10-10,10,41,10,Octubre,Q4,2025,2025-10,Viernes,No,No,FY2025,Otono
20251011,2025-10-11,11,41,10,Octubre,Q4,2025,2025-10,Sabado,Si,No,FY2025,Otono
20251012,2025-10-12,12,41,10,Octubre,Q4,2025,2025-10,Domingo,Si,No,FY2025,Otono
20251013,2025-10-13,13,42,10,Octubre,Q4,2025,2025-10,Lunes,No,No,FY2025,Otono
20251014,2025-10-14,14,42,10,Octubre,Q4,2025,2025-10,Martes,No,No,FY2025,Otono
20251015,2025-10-15,15,42,10,Octubre,Q4,2025,2025-10,Miercoles,No,No,FY2025,Otono
20251016,2025-10-16,16,42,10,Octubre,Q4,2025,2025-10,Jueves,No,No,FY2025,Otono
20251017,2025-10-17,17,42,10,Octubre,Q4,2025,2025-10,Viernes,No,No,FY2025,Otono
20251018,2025-10-18,18,42,10,Octubre,Q4,2025,2025-10,Sabado,Si,No,FY2025,Otono
20251019,2025-10-19,19,42,10,Octubre,Q4,2025,2025-10,Domingo,Si,No,FY2025,Otono
20251020,2025-10-20,20,43,10,Octubre,Q4,2025,2025-10,Lunes,No,No,FY2025,Otono
20251021,2025-10-21,21,43,10,Octubre,Q4,2025,2025-10,Martes,No,No,FY2025,Otono
20251022,2025-10-22,22,43,10,Octubre,Q4,2025,2025-10,Miercoles,No,No,FY2025,Otono
20251023,2025-10-23,23,43,10,Octubre,Q4,2025,2025-10,Jueves,No,No,FY2025,Otono
20251024,2025-10-24,24,43,10,Octubre,Q4,2025,2025-10,Viernes,No,No,FY2025,Otono
20251025,2025-10-25,25,43,10,Octubre,Q4,2025,2025-10,Sabado,Si,No,FY2025,Otono
20251026,2025-10-26,26,43,10,Octubre,Q4,2025,2025-10,Domingo,Si,No,FY2025,Otono
20251027,2025-10-27,27,44,10,Octubre,Q4,2025,2025-10,Lunes,No,No,FY2025,Otono
20251028,2025-10-28,28,44,10,Octubre,Q4,2025,2025-10,Martes,No,No,FY2025,Otono
20251029,2025-10-29,29,44,10,Octubre,Q4,2025,2025-10,Miercoles,No,No,FY2025,Otono
20251030,2025-10-30,30,44,10,Octubre,Q4,2025,2025-10,Jueves,No,No,FY2025,Otono
20251031,2025-10-31,31,44,10,Octubre,Q4,2025,2025-10,Viernes,No,No,FY2025,Otono
20251101,2025-11-01,1,44,11,Noviembre,Q4,2025,2025-11,Sabado,Si,No,FY2025,Otono
20251102,2025-11-02,2,44,11,Noviembre,Q4,2025,2025-11,Domingo,Si,No,FY2025,Otono
20251103,2025-11-03,3,45,11,Noviembre,Q4,2025,2025-11,Lunes,No,No,FY2025,Otono
20251104,2025-11-04,4,45,11,Noviembre,Q4,2025,2025-11,Martes,No,No,FY2025,Otono
20251105,2025-11-05,5,45,11,Noviembre,Q4,2025,2025-11,Miercoles,No,No,FY2025,Otono
20251106,2025-11-06,6,45,11,Noviembre,Q4,2025,2025-11,Jueves,No,No,FY2025,Otono
20251107,2025-11-07,7,45,11,Noviembre,Q4,2025,2025-11,Viernes,No,No,FY2025,Otono
20251108,2025-11-08,8,45,11,Noviembre,Q4,2025,2025-11,Sabado,Si,No,FY2025,Otono
20251109,2025-11-09,9,45,11,Noviembre,Q4,2025,2025-11,Domingo,Si,No,FY2025,Otono
20251110,2025-11-10,10,46,11,Noviembre,Q4,2025,2025-11,Lunes,No,No,FY2025,Otono
20251111,2025-11-11,11,46,11,Noviembre,Q4,2025,2025-11,Martes,No,No,FY2025,Otono
20251112,2025-11-12,12,46,11,Noviembre,Q4,2025,2025-11,Miercoles,No,No,FY2025,Otono
20251113,2025-11-13,13,46,11,Noviembre,Q4,2025,2025-11,Jueves,No,No,FY2025,Otono
20251114,2025-11-14,14,46,11,Noviembre,Q4,2025,2025-11,Viernes,No,No,FY2025,Otono
20251115,2025-11-15,15,46,11,Noviembre,Q4,2025,2025-11,Sabado,Si,No,FY2025,Otono
20251116,2025-11-16,16,46,11,Noviembre,Q4,2025,2025-11,Domingo,Si,No,FY2025,Otono
20251117,2025-11-17,17,47,11,Noviembre,Q4,2025,2025-11,Lunes,No,Si,FY2025,Otono
20251118,2025-11-18,18,47,11,Noviembre,Q4,2025,2025-11,Martes,No,No,FY2025,Otono
20251119,2025-11-19,19,47,11,Noviembre,Q4,2025,2025-11,Miercoles,No,No,FY2025,Otono
20251120,2025-11-20,20,47,11,Noviembre,Q4,2025,2025-11,Jueves,No,No,FY2025,Otono
20251121,2025-11-21,21,47,11,Noviembre,Q4,2025,2025-11,Viernes,No,No,FY2025,Otono
20251122,2025-11-22,22,47,11,Noviembre,Q4,2025,2025-11,Sabado,Si,No,FY2025,Otono
20251123,2025-11-23,23,47,11,Noviembre,Q4,2025,2025-11,Domingo,Si,No,FY2025,Otono
20251124,2025-11-24,24,48,11,Noviembre,Q4,2025,2025-11,Lunes,No,No,FY2025,Otono
20251125,2025-11-25,25,48,11,Noviembre,Q4,2025,2025-11,Martes,No,No,FY2025,Otono
20251126,2025-11-26,26,48,11,Noviembre,Q4,2025,2025-11,Miercoles,No,No,FY2025,Otono
20251127,2025-11-27,27,48,11,Noviembre,Q4,2025,2025-11,Jueves,No,No,FY2025,Otono
20251128,2025-11-28,28,48,11,Noviembre,Q4,2025,2025-11,Viernes,No,No,FY2025,Otono
20251129,2025-11-29,29,48,11,Noviembre,Q4,2025,2025-11,Sabado,Si,No,FY2025,Otono
20251130,2025-11-30,30,48,11,Noviembre,Q4,2025,2025-11,Domingo,Si,No,FY2025,Otono
20251201,2025-12-01,1,49,12,Diciembre,Q4,2025,2025-12,Lunes,No,No,FY2025,Invierno
20251202,2025-12-02,2,49,12,Diciembre,Q4,2025,2025-12,Martes,No,No,FY2025,Invierno
20251203,2025-12-03,3,49,12,Diciembre,Q4,2025,2025-12,Miercoles,No,No,FY2025,Invierno
20251204,2025-12-04,4,49,12,Diciembre,Q4,2025,2025-12,Jueves,No,No,FY2025,Invierno
20251205,2025-12-05,5,49,12,Diciembre,Q4,2025,2025-12,Viernes,No,No,FY2025,Invierno
20251206,2025-12-06,6,49,12,Diciembre,Q4,2025,2025-12,Sabado,Si,No,FY2025,Invierno
20251207,2025-12-07,7,49,12,Diciembre,Q4,2025,2025-12,Domingo,Si,No,FY2025,Invierno
20251208,2025-12-08,8,50,12,Diciembre,Q4,2025,2025-12,Lunes,No,No,FY2025,Invierno
20251209,2025-12-09,9,50,12,Diciembre,Q4,2025,2025-12,Martes,No,No,FY2025,Invierno
20251210,2025-12-10,10,50,12,Diciembre,Q4,2025,2025-12,Miercoles,No,No,FY2025,Invierno
20251211,2025-12-11,11,50,12,Diciembre,Q4,2025,2025-12,Jueves,No,No,FY2025,Invierno
20251212,2025-12-12,12,50,12,Diciembre,Q4,2025,2025-12,Viernes,No,No,FY2025,Invierno
20251213,2025-12-13,13,50,12,Diciembre,Q4,2025,2025-12,Sabado,Si,No,FY2025,Invierno
20251214,2025-12-14,14,50,12,Diciembre,Q4,2025,2025-12,Domingo,Si,No,FY2025,Invierno
20251215,2025-12-15,15,51,12,Diciembre,Q4,2025,2025-12,Lunes,No,No,FY2025,Invierno
20251216,2025-12-16,16,51,12,Diciembre,Q4,2025,2025-12,Martes,No,No,FY2025,Invierno
20251217,2025-12-17,17,51,12,Diciembre,Q4,2025,2025-12,Miercoles,No,No,FY2025,Invierno
20251218,2025-12-18,18,51,12,Diciembre,Q4,2025,2025-12,Jueves,No,No,FY2025,Invierno
20251219,2025-12-19,19,51,12,Diciembre,Q4,2025,2025-12,Viernes,No,No,FY2025,Invierno
20251220,2025-12-20,20,51,12,Diciembre,Q4,2025,2025-12,Sabado,Si,No,FY2025,Invierno
20251221,2025-12-21,21,51,12,Diciembre,Q4,2025,2025-12,Domingo,Si,No,FY2025,Invierno
20251222,2025-12-22,22,52,12,Diciembre,Q4,2025,2025-12,Lunes,No,No,FY2025,Invierno
20251223,2025-12-23,23,52,12,Diciembre,Q4,2025,2025-12,Martes,No,No,FY2025,Invierno
20251224,2025-12-24,24,52,12,Diciembre,Q4,2025,2025-12,Miercoles,No,No,FY2025,Invierno
20251225,2025-12-25,25,52,12,Diciembre,Q4,2025,2025-12,Jueves,No,Si,FY2025,Invierno
20251226,2025-12-26,26,52,12,Diciembre,Q4,2025,2025-12,Viernes,No,No,FY2025,Invierno
20251227,2025-12-27,27,52,12,Diciembre,Q4,2025,2025-12,Sabado,Si,No,FY2025,Invierno
20251228,2025-12-28,28,52,12,Diciembre,Q4,2025,2025-12,Domingo,Si,No,FY2025,Invierno
20251229,2025-12-29,29,1,12,Diciembre,Q4,2025,2025-12,Lunes,No,No,FY2025,Invierno
20251230,2025-12-30,30,1,12,Diciembre,Q4,2025,2025-12,Martes,No,No,FY2025,Invierno
20251231,2025-12-31,31,1,12,Diciembre,Q4,2025,2025-12,Miercoles,No,No,FY2025,Invierno
20260101,2026-01-01,1,1,1,Enero,Q1,2026,2026-01,Jueves,No,Si,FY2026,Invierno
20260102,2026-01-02,2,1,1,Enero,Q1,2026,2026-01,Viernes,No,No,FY2026,Invierno
20260103,2026-01-03,3,1,1,Enero,Q1,2026,2026-01,Sabado,Si,No,FY2026,Invierno
20260104,2026-01-04,4,1,1,Enero,Q1,2026,2026-01,Domingo,Si,No,FY2026,Invierno
20260105,2026-01-05,5,2,1,Enero,Q1,2026,2026-01,Lunes,No,No,FY2026,Invierno
20260106,2026-01-06,6,2,1,Enero,Q1,2026,2026-01,Martes,No,No,FY2026,Invierno
20260107,2026-01-07,7,2,1,Enero,Q1,2026,2026-01,Miercoles,No,No,FY2026,Invierno
20260108,2026-01-08,8,2,1,Enero,Q1,2026,2026-01,Jueves,No,No,FY2026,Invierno
20260109,2026-01-09,9,2,1,Enero,Q1,2026,2026-01,Viernes,No,No,FY2026,Invierno
20260110,2026-01-10,10,2,1,Enero,Q1,2026,2026-01,Sabado,Si,No,FY2026,Invierno
20260111,2026-01-11,11,2,1,Enero,Q1,2026,2026-01,Domingo,Si,No,FY2026,Invierno
20260112,2026-01-12,12,3,1,Enero,Q1,2026,2026-01,Lunes,No,No,FY2026,Invierno
20260113,2026-01-13,13,3,1,Enero,Q1,2026,2026-01,Martes,No,No,FY2026,Invierno
20260114,2026-01-14,14,3,1,Enero,Q1,2026,2026-01,Miercoles,No,No,FY2026,Invierno
20260115,2026-01-15,15,3,1,Enero,Q1,2026,2026-01,Jueves,No,No,FY2026,Invierno
20260116,2026-01-16,16,3,1,Enero,Q1,2026,2026-01,Viernes,No,No,FY2026,Invierno
20260117,2026-01-17,17,3,1,Enero,Q1,2026,2026-01,Sabado,Si,No,FY2026,Invierno
20260118,2026-01-18,18,3,1,Enero,Q1,2026,2026-01,Domingo,Si,No,FY2026,Invierno
20260119,2026-01-19,19,4,1,Enero,Q1,2026,2026-01,Lunes,No,No,FY2026,Invierno
20260120,2026-01-20,20,4,1,Enero,Q1,2026,2026-01,Martes,No,No,FY2026,Invierno
20260121,2026-01-21,21,4,1,Enero,Q1,2026,2026-01,Miercoles,No,No,FY2026,Invierno
20260122,2026-01-22,22,4,1,Enero,Q1,2026,2026-01,Jueves,No,No,FY2026,Invierno
20260123,2026-01-23,23,4,1,Enero,Q1,2026,2026-01,Viernes,No,No,FY2026,Invierno
20260124,2026-01-24,24,4,1,Enero,Q1,2026,2026-01,Sabado,Si,No,FY2026,Invierno
20260125,2026-01-25,25,4,1,Enero,Q1,2026,2026-01,Domingo,Si,No,FY2026,Invierno
20260126,2026-01-26,26,5,1,Enero,Q1,2026,2026-01,Lunes,No,No,FY2026,Invierno
20260127,2026-01-27,27,5,1,Enero,Q1,2026,2026-01,Martes,No,No,FY2026,Invierno
20260128,2026-01-28,28,5,1,Enero,Q1,2026,2026-01,Miercoles,No,No,FY2026,Invierno
20260129,2026-01-29,29,5,1,Enero,Q1,2026,2026-01,Jueves,No,No,FY2026,Invierno
20260130,2026-01-30,30,5,1,Enero,Q1,2026,2026-01,Viernes,No,No,FY2026,Invierno
20260131,2026-01-31,31,5,1,Enero,Q1,2026,2026-01,Sabado,Si,No,FY2026,Invierno
20260201,2026-02-01,1,5,2,Febrero,Q1,2026,2026-02,Domingo,Si,No,FY2026,Invierno
20260202,2026-02-02,2,6,2,Febrero,Q1,2026,2026-02,Lunes,No,No,FY2026,Invierno
20260203,2026-02-03,3,6,2,Febrero,Q1,2026,2026-02,Martes,No,No,FY2026,Invierno
20260204,2026-02-04,4,6,2,Febrero,Q1,2026,2026-02,Miercoles,No,No,FY2026,Invierno
20260205,2026-02-05,5,6,2,Febrero,Q1,2026,2026-02,Jueves,No,No,FY2026,Invierno
20260206,2026-02-06,6,6,2,Febrero,Q1,2026,2026-02,Viernes,No,No,FY2026,Invierno
20260207,2026-02-07,7,6,2,Febrero,Q1,2026,2026-02,Sabado,Si,No,FY2026,Invierno
20260208,2026-02-08,8,6,2,Febrero,Q1,2026,2026-02,Domingo,Si,No,FY2026,Invierno
20260209,2026-02-09,9,7,2,Febrero,Q1,2026,2026-02,Lunes,No,No,FY2026,Invierno
20260210,2026-02-10,10,7,2,Febrero,Q1,2026,2026-02,Martes,No,No,FY2026,Invierno
20260211,2026-02-11,11,7,2,Febrero,Q1,2026,2026-02,Miercoles,No,No,FY2026,Invierno
20260212,2026-02-12,12,7,2,Febrero,Q1,2026,2026-02,Jueves,No,No,FY2026,Invierno
20260213,2026-02-13,13,7,2,Febrero,Q1,2026,2026-02,Viernes,No,No,FY2026,Invierno
20260214,2026-02-14,14,7,2,Febrero,Q1,2026,2026-02,Sabado,Si,No,FY2026,Invierno
20260215,2026-02-15,15,7,2,Febrero,Q1,2026,2026-02,Domingo,Si,No,FY2026,Invierno
20260216,2026-02-16,16,8,2,Febrero,Q1,2026,2026-02,Lunes,No,No,FY2026,Invierno
20260217,2026-02-17,17,8,2,Febrero,Q1,2026,2026-02,Martes,No,No,FY2026,Invierno
20260218,2026-02-18,18,8,2,Febrero,Q1,2026,2026-02,Miercoles,No,No,FY2026,Invierno
20260219,2026-02-19,19,8,2,Febrero,Q1,2026,2026-02,Jueves,No,No,FY2026,Invierno
20260220,2026-02-20,20,8,2,Febrero,Q1,2026,2026-02,Viernes,No,No,FY2026,Invierno
20260221,2026-02-21,21,8,2,Febrero,Q1,2026,2026-02,Sabado,Si,No,FY2026,Invierno
20260222,2026-02-22,22,8,2,Febrero,Q1,2026,2026-02,Domingo,Si,No,FY2026,Invierno
20260223,2026-02-23,23,9,2,Febrero,Q1,2026,2026-02,Lunes,No,No,FY2026,Invierno
20260224,2026-02-24,24,9,2,Febrero,Q1,2026,2026-02,Martes,No,No,FY2026,Invierno
20260225,2026-02-25,25,9,2,Febrero,Q1,2026,2026-02,Miercoles,No,No,FY2026,Invierno
20260226,2026-02-26,26,9,2,Febrero,Q1,2026,2026-02,Jueves,No,No,FY2026,Invierno
20260227,2026-02-27,27,9,2,Febrero,Q1,2026,2026-02,Viernes,No,No,FY2026,Invierno
20260228,2026-02-28,28,9,2,Febrero,Q1,2026,2026-02,Sabado,Si,No,FY2026,Invierno
20260301,2026-03-01,1,9,3,Marzo,Q1,2026,2026-03,Domingo,Si,No,FY2026,Primavera
20260302,2026-03-02,2,10,3,Marzo,Q1,2026,2026-03,Lunes,No,No,FY2026,Primavera
20260303,2026-03-03,3,10,3,Marzo,Q1,2026,2026-03,Martes,No,No,FY2026,Primavera
20260304,2026-03-04,4,10,3,Marzo,Q1,2026,2026-03,Miercoles,No,No,FY2026,Primavera
20260305,2026-03-05,5,10,3,Marzo,Q1,2026,2026-03,Jueves,No,No,FY2026,Primavera
20260306,2026-03-06,6,10,3,Marzo,Q1,2026,2026-03,Viernes,No,No,FY2026,Primavera
20260307,2026-03-07,7,10,3,Marzo,Q1,2026,2026-03,Sabado,Si,No,FY2026,Primavera
20260308,2026-03-08,8,10,3,Marzo,Q1,2026,2026-03,Domingo,Si,No,FY2026,Primavera
20260309,2026-03-09,9,11,3,Marzo,Q1,2026,2026-03,Lunes,No,No,FY2026,Primavera
20260310,2026-03-10,10,11,3,Marzo,Q1,2026,2026-03,Martes,No,No,FY2026,Primavera
20260311,2026-03-11,11,11,3,Marzo,Q1,2026,2026-03,Miercoles,No,No,FY2026,Primavera
20260312,2026-03-12,12,11,3,Marzo,Q1,2026,2026-03,Jueves,No,No,FY2026,Primavera
20260313,2026-03-13,13,11,3,Marzo,Q1,2026,2026-03,Viernes,No,No,FY2026,Primavera
20260314,2026-03-14,14,11,3,Marzo,Q1,2026,2026-03,Sabado,Si,No,FY2026,Primavera
20260315,2026-03-15,15,11,3,Marzo,Q1,2026,2026-03,Domingo,Si,No,FY2026,Primavera
20260316,2026-03-16,16,12,3,Marzo,Q1,2026,2026-03,Lunes,No,Si,FY2026,Primavera
20260317,2026-03-17,17,12,3,Marzo,Q1,2026,2026-03,Martes,No,No,FY2026,Primavera
20260318,2026-03-18,18,12,3,Marzo,Q1,2026,2026-03,Miercoles,No,No,FY2026,Primavera
20260319,2026-03-19,19,12,3,Marzo,Q1,2026,2026-03,Jueves,No,No,FY2026,Primavera
20260320,2026-03-20,20,12,3,Marzo,Q1,2026,2026-03,Viernes,No,No,FY2026,Primavera
20260321,2026-03-21,21,12,3,Marzo,Q1,2026,2026-03,Sabado,Si,No,FY2026,Primavera
20260322,2026-03-22,22,12,3,Marzo,Q1,2026,2026-03,Domingo,Si,No,FY2026,Primavera
20260323,2026-03-23,23,13,3,Marzo,Q1,2026,2026-03,Lunes,No,No,FY2026,Primavera
20260324,2026-03-24,24,13,3,Marzo,Q1,2026,2026-03,Martes,No,No,FY2026,Primavera
20260325,2026-03-25,25,13,3,Marzo,Q1,2026,2026-03,Miercoles,No,No,FY2026,Primavera
20260326,2026-03-26,26,13,3,Marzo,Q1,2026,2026-03,Jueves,No,No,FY2026,Primavera
20260327,2026-03-27,27,13,3,Marzo,Q1,2026,2026-03,Viernes,No,No,FY2026,Primavera
20260328,2026-03-28,28,13,3,Marzo,Q1,2026,2026-03,Sabado,Si,No,FY2026,Primavera
20260329,2026-03-29,29,13,3,Marzo,Q1,2026,2026-03,Domingo,Si,No,FY2026,Primavera
20260330,2026-03-30,30,14,3,Marzo,Q1,2026,2026-03,Lunes,No,No,FY2026,Primavera
20260331,2026-03-31,31,14,3,Marzo,Q1,2026,2026-03,Martes,No,No,FY2026,Primavera
20260401,2026-04-01,1,14,4,Abril,Q2,2026,2026-04,Miercoles,No,No,FY2026,Primavera
20260402,2026-04-02,2,14,4,Abril,Q2,2026,2026-04,Jueves,No,No,FY2026,Primavera
20260403,2026-04-03,3,14,4,Abril,Q2,2026,2026-04,Viernes,No,No,FY2026,Primavera
20260404,2026-04-04,4,14,4,Abril,Q2,2026,2026-04,Sabado,Si,No,FY2026,Primavera
20260405,2026-04-05,5,14,4,Abril,Q2,2026,2026-04,Domingo,Si,No,FY2026,Primavera
20260406,2026-04-06,6,15,4,Abril,Q2,2026,2026-04,Lunes,No,No,FY2026,Primavera
20260407,2026-04-07,7,15,4,Abril,Q2,2026,2026-04,Martes,No,No,FY2026,Primavera
20260408,2026-04-08,8,15,4,Abril,Q2,2026,2026-04,Miercoles,No,No,FY2026,Primavera
20260409,2026-04-09,9,15,4,Abril,Q2,2026,2026-04,Jueves,No,No,FY2026,Primavera
20260410,2026-04-10,10,15,4,Abril,Q2,2026,2026-04,Viernes,No,No,FY2026,Primavera
20260411,2026-04-11,11,15,4,Abril,Q2,2026,2026-04,Sabado,Si,No,FY2026,Primavera
20260412,2026-04-12,12,15,4,Abril,Q2,2026,2026-04,Domingo,Si,No,FY2026,Primavera
20260413,2026-04-13,13,16,4,Abril,Q2,2026,2026-04,Lunes,No,No,FY2026,Primavera
20260414,2026-04-14,14,16,4,Abril,Q2,2026,2026-04,Martes,No,No,FY2026,Primavera
20260415,2026-04-15,15,16,4,Abril,Q2,2026,2026-04,Miercoles,No,No,FY2026,Primavera
20260416,2026-04-16,16,16,4,Abril,Q2,2026,2026-04,Jueves,No,No,FY2026,Primavera
20260417,2026-04-17,17,16,4,Abril,Q2,2026,2026-04,Viernes,No,No,FY2026,Primavera
20260418,2026-04-18,18,16,4,Abril,Q2,2026,2026-04,Sabado,Si,No,FY2026,Primavera
20260419,2026-04-19,19,16,4,Abril,Q2,2026,2026-04,Domingo,Si,No,FY2026,Primavera
20260420,2026-04-20,20,17,4,Abril,Q2,2026,2026-04,Lunes,No,No,FY2026,Primavera
20260421,2026-04-21,21,17,4,Abril,Q2,2026,2026-04,Martes,No,No,FY2026,Primavera
20260422,2026-04-22,22,17,4,Abril,Q2,2026,2026-04,Miercoles,No,No,FY2026,Primavera
20260423,2026-04-23,23,17,4,Abril,Q2,2026,2026-04,Jueves,No,No,FY2026,Primavera
20260424,2026-04-24,24,17,4,Abril,Q2,2026,2026-04,Viernes,No,No,FY2026,Primavera
20260425,2026-04-25,25,17,4,Abril,Q2,2026,2026-04,Sabado,Si,No,FY2026,Primavera
20260426,2026-04-26,26,17,4,Abril,Q2,2026,2026-04,Domingo,Si,No,FY2026,Primavera
20260427,2026-04-27,27,18,4,Abril,Q2,2026,2026-04,Lunes,No,No,FY2026,Primavera
20260428,2026-04-28,28,18,4,Abril,Q2,2026,2026-04,Martes,No,No,FY2026,Primavera
20260429,2026-04-29,29,18,4,Abril,Q2,2026,2026-04,Miercoles,No,No,FY2026,Primavera
20260430,2026-04-30,30,18,4,Abril,Q2,2026,2026-04,Jueves,No,No,FY2026,Primavera
20260501,2026-05-01,1,18,5,Mayo,Q2,2026,2026-05,Viernes,No,Si,FY2026,Primavera
20260502,2026-05-02,2,18,5,Mayo,Q2,2026,2026-05,Sabado,Si,No,FY2026,Primavera
20260503,2026-05-03,3,18,5,Mayo,Q2,2026,2026-05,Domingo,Si,No,FY2026,Primavera
20260504,2026-05-04,4,19,5,Mayo,Q2,2026,2026-05,Lunes,No,No,FY2026,Primavera
20260505,2026-05-05,5,19,5,Mayo,Q2,2026,2026-05,Martes,No,No,FY2026,Primavera
20260506,2026-05-06,6,19,5,Mayo,Q2,2026,2026-05,Miercoles,No,No,FY2026,Primavera
20260507,2026-05-07,7,19,5,Mayo,Q2,2026,2026-05,Jueves,No,No,FY2026,Primavera
20260508,2026-05-08,8,19,5,Mayo,Q2,2026,2026-05,Viernes,No,No,FY2026,Primavera
20260509,2026-05-09,9,19,5,Mayo,Q2,2026,2026-05,Sabado,Si,No,FY2026,Primavera
20260510,2026-05-10,10,19,5,Mayo,Q2,2026,2026-05,Domingo,Si,No,FY2026,Primavera
20260511,2026-05-11,11,20,5,Mayo,Q2,2026,2026-05,Lunes,No,No,FY2026,Primavera
20260512,2026-05-12,12,20,5,Mayo,Q2,2026,2026-05,Martes,No,No,FY2026,Primavera
20260513,2026-05-13,13,20,5,Mayo,Q2,2026,2026-05,Miercoles,No,No,FY2026,Primavera
20260514,2026-05-14,14,20,5,Mayo,Q2,2026,2026-05,Jueves,No,No,FY2026,Primavera
20260515,2026-05-15,15,20,5,Mayo,Q2,2026,2026-05,Viernes,No,No,FY2026,Primavera
20260516,2026-05-16,16,20,5,Mayo,Q2,2026,2026-05,Sabado,Si,No,FY2026,Primavera
20260517,2026-05-17,17,20,5,Mayo,Q2,2026,2026-05,Domingo,Si,No,FY2026,Primavera
20260518,2026-05-18,18,21,5,Mayo,Q2,2026,2026-05,Lunes,No,No,FY2026,Primavera
20260519,2026-05-19,19,21,5,Mayo,Q2,2026,2026-05,Martes,No,No,FY2026,Primavera
20260520,2026-05-20,20,21,5,Mayo,Q2,2026,2026-05,Miercoles,No,No,FY2026,Primavera
20260521,2026-05-21,21,21,5,Mayo,Q2,2026,2026-05,Jueves,No,No,FY2026,Primavera
20260522,2026-05-22,22,21,5,Mayo,Q2,2026,2026-05,Viernes,No,No,FY2026,Primavera
20260523,2026-05-23,23,21,5,Mayo,Q2,2026,2026-05,Sabado,Si,No,FY2026,Primavera
20260524,2026-05-24,24,21,5,Mayo,Q2,2026,2026-05,Domingo,Si,No,FY2026,Primavera
20260525,2026-05-25,25,22,5,Mayo,Q2,2026,2026-05,Lunes,No,No,FY2026,Primavera
20260526,2026-05-26,26,22,5,Mayo,Q2,2026,2026-05,Martes,No,No,FY2026,Primavera
20260527,2026-05-27,27,22,5,Mayo,Q2,2026,2026-05,Miercoles,No,No,FY2026,Primavera
20260528,2026-05-28,28,22,5,Mayo,Q2,2026,2026-05,Jueves,No,No,FY2026,Primavera
20260529,2026-05-29,29,22,5,Mayo,Q2,2026,2026-05,Viernes,No,No,FY2026,Primavera
20260530,2026-05-30,30,22,5,Mayo,Q2,2026,2026-05,Sabado,Si,No,FY2026,Primavera
20260531,2026-05-31,31,22,5,Mayo,Q2,2026,2026-05,Domingo,Si,No,FY2026,Primavera
20260601,2026-06-01,1,23,6,Junio,Q2,2026,2026-06,Lunes,No,No,FY2026,Verano
20260602,2026-06-02,2,23,6,Junio,Q2,2026,2026-06,Martes,No,No,FY2026,Verano
20260603,2026-06-03,3,23,6,Junio,Q2,2026,2026-06,Miercoles,No,No,FY2026,Verano
20260604,2026-06-04,4,23,6,Junio,Q2,2026,2026-06,Jueves,No,No,FY2026,Verano
20260605,2026-06-05,5,23,6,Junio,Q2,2026,2026-06,Viernes,No,No,FY2026,Verano
20260606,2026-06-06,6,23,6,Junio,Q2,2026,2026-06,Sabado,Si,No,FY2026,Verano
20260607,2026-06-07,7,23,6,Junio,Q2,2026,2026-06,Domingo,Si,No,FY2026,Verano
20260608,2026-06-08,8,24,6,Junio,Q2,2026,2026-06,Lunes,No,No,FY2026,Verano
20260609,2026-06-09,9,24,6,Junio,Q2,2026,2026-06,Martes,No,No,FY2026,Verano
20260610,2026-06-10,10,24,6,Junio,Q2,2026,2026-06,Miercoles,No,No,FY2026,Verano
20260611,2026-06-11,11,24,6,Junio,Q2,2026,2026-06,Jueves,No,No,FY2026,Verano
20260612,2026-06-12,12,24,6,Junio,Q2,2026,2026-06,Viernes,No,No,FY2026,Verano
20260613,2026-06-13,13,24,6,Junio,Q2,2026,2026-06,Sabado,Si,No,FY2026,Verano
20260614,2026-06-14,14,24,6,Junio,Q2,2026,2026-06,Domingo,Si,No,FY2026,Verano
20260615,2026-06-15,15,25,6,Junio,Q2,2026,2026-06,Lunes,No,No,FY2026,Verano
20260616,2026-06-16,16,25,6,Junio,Q2,2026,2026-06,Martes,No,No,FY2026,Verano
20260617,2026-06-17,17,25,6,Junio,Q2,2026,2026-06,Miercoles,No,No,FY2026,Verano
20260618,2026-06-18,18,25,6,Junio,Q2,2026,2026-06,Jueves,No,No,FY2026,Verano
20260619,2026-06-19,19,25,6,Junio,Q2,2026,2026-06,Viernes,No,No,FY2026,Verano
20260620,2026-06-20,20,25,6,Junio,Q2,2026,2026-06,Sabado,Si,No,FY2026,Verano
20260621,2026-06-21,21,25,6,Junio,Q2,2026,2026-06,Domingo,Si,No,FY2026,Verano
20260622,2026-06-22,22,26,6,Junio,Q2,2026,2026-06,Lunes,No,No,FY2026,Verano
20260623,2026-06-23,23,26,6,Junio,Q2,2026,2026-06,Martes,No,No,FY2026,Verano
20260624,2026-06-24,24,26,6,Junio,Q2,2026,2026-06,Miercoles,No,No,FY2026,Verano
20260625,2026-06-25,25,26,6,Junio,Q2,2026,2026-06,Jueves,No,No,FY2026,Verano
20260626,2026-06-26,26,26,6,Junio,Q2,2026,2026-06,Viernes,No,No,FY2026,Verano
20260627,2026-06-27,27,26,6,Junio,Q2,2026,2026-06,Sabado,Si,No,FY2026,Verano
20260628,2026-06-28,28,26,6,Junio,Q2,2026,2026-06,Domingo,Si,No,FY2026,Verano
20260629,2026-06-29,29,27,6,Junio,Q2,2026,2026-06,Lunes,No,No,FY2026,Verano
20260630,2026-06-30,30,27,6,Junio,Q2,2026,2026-06,Martes,No,No,FY2026,Verano
20260701,2026-07-01,1,27,7,Julio,Q3,2026,2026-07,Miercoles,No,No,FY2026,Verano
20260702,2026-07-02,2,27,7,Julio,Q3,2026,2026-07,Jueves,No,No,FY2026,Verano
20260703,2026-07-03,3,27,7,Julio,Q3,2026,2026-07,Viernes,No,No,FY2026,Verano
20260704,2026-07-04,4,27,7,Julio,Q3,2026,2026-07,Sabado,Si,No,FY2026,Verano
20260705,2026-07-05,5,27,7,Julio,Q3,2026,2026-07,Domingo,Si,No,FY2026,Verano
20260706,2026-07-06,6,28,7,Julio,Q3,2026,2026-07,Lunes,No,No,FY2026,Verano
20260707,2026-07-07,7,28,7,Julio,Q3,2026,2026-07,Martes,No,No,FY2026,Verano
20260708,2026-07-08,8,28,7,Julio,Q3,2026,2026-07,Miercoles,No,No,FY2026,Verano
20260709,2026-07-09,9,28,7,Julio,Q3,2026,2026-07,Jueves,No,No,FY2026,Verano
20260710,2026-07-10,10,28,7,Julio,Q3,2026,2026-07,Viernes,No,No,FY2026,Verano
20260711,2026-07-11,11,28,7,Julio,Q3,2026,2026-07,Sabado,Si,No,FY2026,Verano
20260712,2026-07-12,12,28,7,Julio,Q3,2026,2026-07,Domingo,Si,No,FY2026,Verano
20260713,2026-07-13,13,29,7,Julio,Q3,2026,2026-07,Lunes,No,No,FY2026,Verano
20260714,2026-07-14,14,29,7,Julio,Q3,2026,2026-07,Martes,No,No,FY2026,Verano
20260715,2026-07-15,15,29,7,Julio,Q3,2026,2026-07,Miercoles,No,No,FY2026,Verano
20260716,2026-07-16,16,29,7,Julio,Q3,2026,2026-07,Jueves,No,No,FY2026,Verano
20260717,2026-07-17,17,29,7,Julio,Q3,2026,2026-07,Viernes,No,No,FY2026,Verano
20260718,2026-07-18,18,29,7,Julio,Q3,2026,2026-07,Sabado,Si,No,FY2026,Verano
20260719,2026-07-19,19,29,7,Julio,Q3,2026,2026-07,Domingo,Si,No,FY2026,Verano
20260720,2026-07-20,20,30,7,Julio,Q3,2026,2026-07,Lunes,No,No,FY2026,Verano
20260721,2026-07-21,21,30,7,Julio,Q3,2026,2026-07,Martes,No,No,FY2026,Verano
20260722,2026-07-22,22,30,7,Julio,Q3,2026,2026-07,Miercoles,No,No,FY2026,Verano
20260723,2026-07-23,23,30,7,Julio,Q3,2026,2026-07,Jueves,No,No,FY2026,Verano
20260724,2026-07-24,24,30,7,Julio,Q3,2026,2026-07,Viernes,No,No,FY2026,Verano
20260725,2026-07-25,25,30,7,Julio,Q3,2026,2026-07,Sabado,Si,No,FY2026,Verano
20260726,2026-07-26,26,30,7,Julio,Q3,2026,2026-07,Domingo,Si,No,FY2026,Verano
20260727,2026-07-27,27,31,7,Julio,Q3,2026,2026-07,Lunes,No,No,FY2026,Verano
20260728,2026-07-28,28,31,7,Julio,Q3,2026,2026-07,Martes,No,No,FY2026,Verano
20260729,2026-07-29,29,31,7,Julio,Q3,2026,2026-07,Miercoles,No,No,FY2026,Verano
20260730,2026-07-30,30,31,7,Julio,Q3,2026,2026-07,Jueves,No,No,FY2026,Verano
20260731,2026-07-31,31,31,7,Julio,Q3,2026,2026-07,Viernes,No,No,FY2026,Verano
20260801,2026-08-01,1,31,8,Agosto,Q3,2026,2026-08,Sabado,Si,No,FY2026,Verano
20260802,2026-08-02,2,31,8,Agosto,Q3,2026,2026-08,Domingo,Si,No,FY2026,Verano
20260803,2026-08-03,3,32,8,Agosto,Q3,2026,2026-08,Lunes,No,No,FY2026,Verano
20260804,2026-08-04,4,32,8,Agosto,Q3,2026,2026-08,Martes,No,No,FY2026,Verano
20260805,2026-08-05,5,32,8,Agosto,Q3,2026,2026-08,Miercoles,No,No,FY2026,Verano
20260806,2026-08-06,6,32,8,Agosto,Q3,2026,2026-08,Jueves,No,No,FY2026,Verano
20260807,2026-08-07,7,32,8,Agosto,Q3,2026,2026-08,Viernes,No,No,FY2026,Verano
20260808,2026-08-08,8,32,8,Agosto,Q3,2026,2026-08,Sabado,Si,No,FY2026,Verano
20260809,2026-08-09,9,32,8,Agosto,Q3,2026,2026-08,Domingo,Si,No,FY2026,Verano
20260810,2026-08-10,10,33,8,Agosto,Q3,2026,2026-08,Lunes,No,No,FY2026,Verano
20260811,2026-08-11,11,33,8,Agosto,Q3,2026,2026-08,Martes,No,No,FY2026,Verano
20260812,2026-08-12,12,33,8,Agosto,Q3,2026,2026-08,Miercoles,No,No,FY2026,Verano
20260813,2026-08-13,13,33,8,Agosto,Q3,2026,2026-08,Jueves,No,No,FY2026,Verano
20260814,2026-08-14,14,33,8,Agosto,Q3,2026,2026-08,Viernes,No,No,FY2026,Verano
20260815,2026-08-15,15,33,8,Agosto,Q3,2026,2026-08,Sabado,Si,No,FY2026,Verano
20260816,2026-08-16,16,33,8,Agosto,Q3,2026,2026-08,Domingo,Si,No,FY2026,Verano
20260817,2026-08-17,17,34,8,Agosto,Q3,2026,2026-08,Lunes,No,No,FY2026,Verano
